plot,ID1,ID2,Latitude,Longitude,Elevation,Tmax01,Tmax02,Tmax03,Tmax04,Tmax05,Tmax06,Tmax07,Tmax08,Tmax09,Tmax10,Tmax11,Tmax12,Tmin01,Tmin02,Tmin03,Tmin04,Tmin05,Tmin06,Tmin07,Tmin08,Tmin09,Tmin10,Tmin11,Tmin12,Tave01,Tave02,Tave03,Tave04,Tave05,Tave06,Tave07,Tave08,Tave09,Tave10,Tave11,Tave12,PPT01,PPT02,PPT03,PPT04,PPT05,PPT06,PPT07,PPT08,PPT09,PPT10,PPT11,PPT12,Rad01,Rad02,Rad03,Rad04,Rad05,Rad06,Rad07,Rad08,Rad09,Rad10,Rad11,Rad12,DD_0_01,DD_0_02,DD_0_03,DD_0_04,DD_0_05,DD_0_06,DD_0_07,DD_0_08,DD_0_09,DD_0_10,DD_0_11,DD_0_12,DD5_01,DD5_02,DD5_03,DD5_04,DD5_05,DD5_06,DD5_07,DD5_08,DD5_09,DD5_10,DD5_11,DD5_12,DD_18_01,DD_18_02,DD_18_03,DD_18_04,DD_18_05,DD_18_06,DD_18_07,DD_18_08,DD_18_09,DD_18_10,DD_18_11,DD_18_12,DD18_01,DD18_02,DD18_03,DD18_04,DD18_05,DD18_06,DD18_07,DD18_08,DD18_09,DD18_10,DD18_11,DD18_12,NFFD01,NFFD02,NFFD03,NFFD04,NFFD05,NFFD06,NFFD07,NFFD08,NFFD09,NFFD10,NFFD11,NFFD12,PAS01,PAS02,PAS03,PAS04,PAS05,PAS06,PAS07,PAS08,PAS09,PAS10,PAS11,PAS12,Eref01,Eref02,Eref03,Eref04,Eref05,Eref06,Eref07,Eref08,Eref09,Eref10,Eref11,Eref12,CMD01,CMD02,CMD03,CMD04,CMD05,CMD06,CMD07,CMD08,CMD09,CMD10,CMD11,CMD12,RH01,RH02,RH03,RH04,RH05,RH06,RH07,RH08,RH09,RH10,RH11,RH12,Tmax_wt,Tmax_sp,Tmax_sm,Tmax_at,Tmin_wt,Tmin_sp,Tmin_sm,Tmin_at,Tave_wt,Tave_sp,Tave_sm,Tave_at,PPT_wt,PPT_sp,PPT_sm,PPT_at,Rad_wt,Rad_sp,Rad_sm,Rad_at,DD_0_wt,DD_0_sp,DD_0_sm,DD_0_at,DD5_wt,DD5_sp,DD5_sm,DD5_at,DD_18_wt,DD_18_sp,DD_18_sm,DD_18_at,DD18_wt,DD18_sp,DD18_sm,DD18_at,NFFD_wt,NFFD_sp,NFFD_sm,NFFD_at,PAS_wt,PAS_sp,PAS_sm,PAS_at,Eref_wt,Eref_sp,Eref_sm,Eref_at,CMD_wt,CMD_sp,CMD_sm,CMD_at,RH_wt,RH_sp,RH_sm,RH_at,MAT,MWMT,MCMT,TD,MAP,MSP,AHM,SHM,DD_0,DD5,DD_18,DD18,NFFD,bFFP,eFFP,FFP,PAS,EMT,EXT,Eref,CMD,MAR,RH
1,site1 ,region1 ,53.262365,-125.48661,937,-1.3,-4,2,8.8,14.4,18.2,22.9,22.6,18.4,10.5,0.1,-2.2,-10.9,-17.9,-10.1,-3.6,1.5,3.5,6.1,6.2,2.4,1.2,-8.4,-10.9,-6.1,-10.9,-4.1,2.6,7.9,10.9,14.5,14.4,10.4,5.8,-4.1,-6.6,42,36,39,24,31,42,45,23,32,80,54,64,-9999,-9999,-9999,-9999,-9999,-9999,-9999,-9999,-9999,-9999,-9999,-9999,208,309,155,25,1,0,0,0,1,7,155,219,1,0,1,20,105,177,294,291,168,69,2,1,748,807,686,462,312,215,113,116,229,378,664,758,0,0,0,0,2,2,7,8,3,1,0,0,1,0,1,5,19,25,30,30,21,18,1,1,33,36,37,10,2,1,0,0,1,4,40,55,0,0,0,52,86,108,128,106,63,26,0,0,0,0,0,28,55,65,83,82,31,0,0,0,60,44,53,57,59,55,50,51,51,69,65,62,-3.2,8.4,21.2,9.7,-14,-4.1,5.3,-1.6,-8.6,2.2,13.3,4,126,94,111,166,-9999,-9999,-9999,-9999,735,181,0,162,1,126,762,239,2312,1460,444,1272,0,2,16,4,1,25,85,41,113,50,1,45,0,137,341,89,0,83,230,31,56,56,52,62,2.9,14.5,-6.6,21.1,514,175,25.1,83.2,1079,1128,5487,23,152,152,250,97,191,-40.4,32.8,568,344,-9999,57
2,site2,region2,53.275226,-125.478668,1039,-1.4,-4.7,1.9,8.5,14,17.6,22.3,22.1,17.9,10.1,-0.1,-2.2,-10.6,-17.8,-10.4,-3.9,1.1,3.2,5.8,5.7,2.1,0.7,-8.8,-11.1,-6,-11.3,-4.3,2.3,7.6,10.4,14.1,13.9,10,5.4,-4.4,-6.6,42,36,39,24,31,45,46,24,33,80,56,65,-9999,-9999,-9999,-9999,-9999,-9999,-9999,-9999,-9999,-9999,-9999,-9999,204,318,160,28,1,0,0,0,1,8,162,221,1,0,1,18,95,163,281,277,157,62,2,1,744,815,692,472,324,229,125,128,241,392,673,760,0,0,0,0,2,1,5,6,3,1,0,0,1,0,1,4,18,24,30,30,20,17,1,1,32,36,37,11,3,1,0,0,2,5,43,56,0,0,0,51,84,105,126,104,62,25,0,0,0,0,0,27,53,60,80,80,29,0,0,0,62,46,52,57,59,55,51,51,51,68,64,61,-3.5,8.1,20.7,9.3,-13.9,-4.4,4.9,-2,-8.7,1.9,12.8,3.6,126,94,114,169,-9999,-9999,-9999,-9999,743,189,0,171,1,114,721,220,2319,1488,483,1306,0,2,13,4,1,23,84,38,114,52,2,49,0,135,334,88,0,80,220,29,57,56,52,61,2.6,14.1,-6.6,20.7,520,178,24.2,79,1104,1056,5596,19,146,155,247,92,197,-40.6,32.3,557,329,-9999,57
3,site3,region3,53.27626,-125.477829,1043,-1.4,-4.8,1.8,8.5,14,17.6,22.3,22,17.9,10.1,-0.1,-2.2,-10.5,-17.8,-10.4,-4,1.1,3.1,5.8,5.7,2,0.7,-8.9,-11.1,-6,-11.3,-4.3,2.3,7.5,10.4,14,13.9,10,5.4,-4.5,-6.6,42,36,39,24,31,45,46,24,33,80,56,65,-9999,-9999,-9999,-9999,-9999,-9999,-9999,-9999,-9999,-9999,-9999,-9999,204,318,161,28,1,0,0,0,1,8,163,221,1,0,1,18,95,162,280,277,156,61,2,1,744,816,692,472,325,230,126,129,242,393,674,760,0,0,0,0,2,1,5,6,3,1,0,0,1,0,1,4,18,24,30,30,20,17,1,1,32,36,38,11,3,1,0,0,2,5,43,56,0,0,0,51,84,105,125,103,62,25,0,0,0,0,0,27,53,60,80,80,29,0,0,0,62,47,52,56,59,55,51,51,51,69,64,61,-3.5,8.1,20.7,9.3,-13.9,-4.4,4.9,-2,-8.7,1.8,12.8,3.6,126,94,114,169,-9999,-9999,-9999,-9999,744,190,0,172,1,114,719,219,2320,1489,485,1308,0,2,13,3,1,23,84,38,114,52,2,49,0,135,334,87,0,80,219,29,57,56,52,61,2.6,14,-6.6,20.7,521,178,24.1,78.8,1105,1053,5602,18,146,156,247,92,197,-40.6,32.3,556,329,-9999,57
4,site4,region4,53.272855,-125.485023,1025,-1.4,-4.6,1.9,8.6,14,17.7,22.4,22.1,18,10.1,0,-2.2,-10.6,-17.8,-10.3,-3.9,1.2,3.2,5.8,5.8,2.1,0.8,-8.8,-11.1,-6,-11.2,-4.2,2.3,7.6,10.5,14.1,14,10.1,5.5,-4.4,-6.6,42,36,39,24,31,44,46,24,33,81,56,65,-9999,-9999,-9999,-9999,-9999,-9999,-9999,-9999,-9999,-9999,-9999,-9999,205,316,159,27,1,0,0,0,1,8,161,221,1,0,1,18,96,165,283,279,158,63,2,1,744,814,690,470,322,227,124,126,239,390,671,760,0,0,0,0,2,2,5,6,3,1,0,0,1,0,1,4,18,24,30,30,20,17,1,1,32,36,37,11,3,1,0,0,2,5,42,56,0,0,0,51,84,105,126,104,62,26,0,0,0,0,0,27,53,61,80,80,29,0,0,0,62,46,52,57,59,55,51,51,51,69,64,61,-3.4,8.2,20.8,9.4,-13.9,-4.3,4.9,-2,-8.7,1.9,12.8,3.7,126,94,114,170,-9999,-9999,-9999,-9999,742,187,0,169,1,116,727,223,2318,1483,477,1301,0,2,13,4,1,23,84,39,114,51,2,49,0,136,335,88,0,80,221,29,56,56,52,61,2.6,14.1,-6.6,20.8,522,178,24.2,79.3,1099,1067,5579,19,147,155,248,93,197,-40.6,32.4,558,331,-9999,57
5,site5,region5,53.270417,-125.481224,989,-1.3,-4.3,2,8.7,14.2,17.9,22.6,22.3,18.2,10.3,0,-2.2,-10.7,-17.8,-10.2,-3.8,1.3,3.3,6,5.9,2.2,0.9,-8.6,-11,-6,-11.1,-4.1,2.5,7.8,10.6,14.3,14.1,10.2,5.6,-4.3,-6.6,42,36,39,24,31,44,45,24,33,80,55,65,-9999,-9999,-9999,-9999,-9999,-9999,-9999,-9999,-9999,-9999,-9999,-9999,205,313,157,26,1,0,0,0,1,8,158,220,1,0,1,19,100,170,287,284,162,65,2,1,745,810,688,467,318,222,119,121,235,385,668,759,0,0,0,0,2,2,6,7,3,1,0,0,1,0,1,5,19,25,30,30,21,18,1,1,32,36,37,11,3,1,0,0,2,4,41,56,0,0,0,51,85,106,127,105,63,26,0,0,0,0,0,28,54,63,81,81,30,0,0,0,61,45,53,57,59,55,51,51,51,69,64,61,-3.3,8.3,21,9.5,-14,-4.2,5.1,-1.8,-8.6,2,13,3.8,126,94,113,167,-9999,-9999,-9999,-9999,738,184,0,166,1,120,741,229,2315,1473,462,1288,0,2,14,4,1,24,84,39,113,50,1,47,0,136,338,88,0,81,225,30,56,56,52,61,2.7,14.3,-6.6,20.9,517,177,24.7,80.9,1089,1092,5538,21,149,154,249,95,194,-40.6,32.6,562,336,-9999,57
6,site6,region6,53.277453,-125.490921,1028,-1.4,-4.7,1.9,8.6,14,17.7,22.4,22.1,18,10.1,-0.1,-2.2,-10.6,-17.8,-10.3,-3.9,1.2,3.2,5.8,5.8,2.1,0.8,-8.8,-11.1,-6,-11.2,-4.2,2.3,7.6,10.4,14.1,14,10,5.5,-4.4,-6.6,42,36,39,25,31,45,46,24,33,82,57,65,-9999,-9999,-9999,-9999,-9999,-9999,-9999,-9999,-9999,-9999,-9999,-9999,205,317,159,27,1,0,0,0,1,8,161,221,1,0,1,18,96,164,282,279,158,63,2,1,744,814,691,470,323,228,124,127,239,390,672,760,0,0,0,0,2,1,5,6,3,1,0,0,1,0,1,4,18,24,30,30,20,17,1,1,32,36,38,12,3,1,0,0,2,5,43,56,0,0,0,51,84,105,126,104,62,25,0,0,0,0,0,26,53,60,80,80,29,0,0,0,62,46,53,57,59,55,51,51,51,69,64,61,-3.5,8.2,20.7,9.3,-13.9,-4.4,4.9,-1.9,-8.7,1.9,12.8,3.7,127,95,115,173,-9999,-9999,-9999,-9999,742,188,0,170,1,116,725,223,2319,1484,478,1302,0,2,13,4,1,23,84,39,114,52,2,50,0,135,335,88,0,80,219,29,57,56,52,61,2.6,14.1,-6.6,20.7,527,180,24,78.6,1100,1065,5583,19,147,155,248,93,199,-40.6,32.4,558,328,-9999,57
7,site7,region7,53.267327,-125.481514,960,-1.3,-4.1,2,8.8,14.3,18.1,22.8,22.5,18.3,10.4,0.1,-2.2,-10.8,-17.9,-10.2,-3.7,1.4,3.5,6.1,6.1,2.3,1.1,-8.5,-11,-6,-11,-4.1,2.5,7.9,10.8,14.4,14.3,10.3,5.7,-4.2,-6.6,42,36,39,24,31,43,45,24,32,80,54,64,-9999,-9999,-9999,-9999,-9999,-9999,-9999,-9999,-9999,-9999,-9999,-9999,206,310,155,25,1,0,0,0,1,7,156,220,1,0,1,19,103,174,291,288,165,67,2,1,746,808,686,464,314,218,116,118,232,381,665,759,0,0,0,0,2,2,6,7,3,1,0,0,1,0,1,5,19,25,30,30,21,18,1,1,32,36,37,10,3,1,0,0,1,4,40,55,0,0,0,52,85,107,128,105,63,26,0,0,0,0,0,28,54,64,82,81,31,0,0,0,60,44,53,57,59,55,51,51,51,69,65,62,-3.2,8.4,21.1,9.6,-14,-4.1,5.2,-1.7,-8.6,2.1,13.2,4,126,94,112,166,-9999,-9999,-9999,-9999,736,181,0,163,1,124,753,235,2312,1464,452,1278,0,2,15,4,1,24,85,40,113,50,1,45,0,137,340,89,0,82,227,31,55,56,52,62,2.8,14.4,-6.6,21,515,176,24.9,82.1,1081,1113,5506,22,151,153,249,96,192,-40.5,32.7,566,340,-9999,56
8,site8,region8,53.265583,-125.483192,949,-1.3,-4.1,2,8.8,14.4,18.1,22.8,22.6,18.3,10.5,0.1,-2.2,-10.9,-17.9,-10.1,-3.6,1.5,3.5,6.1,6.1,2.3,1.1,-8.4,-10.9,-6.1,-11,-4,2.6,7.9,10.8,14.5,14.3,10.3,5.8,-4.2,-6.6,42,36,39,24,31,43,45,24,32,80,54,64,-9999,-9999,-9999,-9999,-9999,-9999,-9999,-9999,-9999,-9999,-9999,-9999,207,309,154,25,1,0,0,0,1,7,155,219,1,0,2,19,104,175,292,289,167,68,2,1,746,807,685,463,313,216,115,117,231,380,665,758,0,0,0,0,2,2,6,8,3,1,0,0,1,0,1,5,19,25,30,30,21,18,1,1,33,36,37,10,2,1,0,0,1,4,40,55,0,0,0,52,86,107,128,105,63,26,0,0,0,0,0,28,55,64,83,82,31,0,0,0,60,44,53,57,59,55,51,51,51,69,65,62,-3.2,8.4,21.2,9.6,-14,-4.1,5.2,-1.7,-8.6,2.1,13.2,4,126,94,112,166,-9999,-9999,-9999,-9999,735,181,0,163,1,125,757,237,2312,1461,448,1275,0,2,16,4,1,24,85,40,113,50,1,45,0,137,340,89,0,82,228,31,55,56,52,62,2.9,14.5,-6.6,21,514,175,25,82.5,1079,1120,5496,22,151,153,250,97,192,-40.5,32.8,567,342,-9999,56
9,site9,region9,53.268334,-125.472435,985,-1.3,-4.3,2,8.7,14.2,17.9,22.7,22.4,18.2,10.3,0.1,-2.2,-10.7,-17.8,-10.2,-3.8,1.3,3.4,6,6,2.2,0.9,-8.6,-11,-6,-11.1,-4.1,2.5,7.8,10.6,14.3,14.2,10.2,5.6,-4.3,-6.6,42,36,39,24,31,43,45,24,32,80,54,64,-9999,-9999,-9999,-9999,-9999,-9999,-9999,-9999,-9999,-9999,-9999,-9999,205,312,156,26,1,0,0,0,1,8,158,220,1,0,1,19,101,170,288,285,163,66,2,1,745,810,688,466,317,221,119,121,235,385,668,760,0,0,0,0,2,2,6,7,3,1,0,0,1,0,1,5,19,25,30,30,21,18,1,1,32,36,37,11,3,1,0,0,2,4,41,55,0,0,0,51,85,106,127,105,63,26,0,0,0,0,0,28,54,63,82,81,30,0,0,0,61,45,53,57,59,55,51,51,51,69,64,62,-3.3,8.3,21,9.5,-14,-4.2,5.1,-1.8,-8.6,2,13,3.9,126,94,112,166,-9999,-9999,-9999,-9999,738,184,0,166,1,121,743,230,2314,1471,461,1287,0,2,15,4,1,24,85,40,113,50,1,46,0,137,338,88,0,82,225,30,56,56,52,61,2.8,14.3,-6.6,20.9,515,176,24.8,81.4,1088,1095,5533,21,149,154,249,95,193,-40.5,32.6,563,337,-9999,56
10,site10,region10,53.270373,-125.47467,997,-1.3,-4.4,2,8.7,14.2,17.9,22.6,22.3,18.1,10.3,0.1,-2.2,-10.7,-17.8,-10.3,-3.8,1.3,3.3,5.9,5.9,2.2,0.9,-8.6,-11,-6,-11.1,-4.1,2.4,7.7,10.6,14.3,14.1,10.2,5.6,-4.3,-6.6,42,36,39,24,31,44,45,24,32,80,54,64,-9999,-9999,-9999,-9999,-9999,-9999,-9999,-9999,-9999,-9999,-9999,-9999,205,314,157,26,1,0,0,0,1,8,158,220,1,0,1,18,99,169,287,283,161,65,2,1,744,811,688,468,319,223,120,122,236,386,669,759,0,0,0,0,2,2,6,7,3,1,0,0,1,0,1,5,18,25,30,30,20,17,1,1,32,36,37,11,3,1,0,0,2,4,41,55,0,0,0,51,85,106,127,104,63,26,0,0,0,0,0,28,54,62,81,81,30,0,0,0,61,45,52,57,59,55,51,51,51,69,64,61,-3.3,8.3,20.9,9.5,-14,-4.3,5.1,-1.9,-8.6,2,13,3.8,126,94,113,167,-9999,-9999,-9999,-9999,738,184,0,167,1,119,738,228,2314,1474,465,1291,0,2,14,4,1,24,84,39,113,51,1,47,0,136,337,88,0,81,224,30,56,56,52,61,2.7,14.3,-6.6,20.9,516,176,24.7,80.9,1090,1087,5545,20,149,154,248,94,194,-40.6,32.5,562,336,-9999,56
11,site11,region11,53.267263,-125.477249,968,-1.2,-4.2,2,8.7,14.3,18,22.8,22.5,18.3,10.4,0.1,-2.2,-10.8,-17.8,-10.2,-3.7,1.4,3.4,6,6,2.3,1,-8.5,-11,-6,-11,-4.1,2.5,7.8,10.7,14.4,14.3,10.3,5.7,-4.2,-6.6,42,36,39,24,31,43,45,24,32,80,54,64,-9999,-9999,-9999,-9999,-9999,-9999,-9999,-9999,-9999,-9999,-9999,-9999,206,311,155,26,1,0,0,0,1,7,156,220,1,0,1,19,102,173,290,287,165,67,2,1,745,808,686,465,315,219,117,119,233,382,666,759,0,0,0,0,2,2,6,7,3,1,0,0,1,0,1,5,19,25,30,30,21,18,1,1,32,36,37,10,3,1,0,0,1,4,40,55,0,0,0,52,85,107,127,105,63,26,0,0,0,0,0,28,54,63,82,81,31,0,0,0,61,45,53,57,59,55,51,51,51,69,65,62,-3.2,8.4,21.1,9.6,-14,-4.2,5.2,-1.7,-8.6,2.1,13.1,3.9,126,94,112,166,-9999,-9999,-9999,-9999,736,182,0,164,1,123,750,234,2312,1466,455,1281,0,2,15,4,1,24,85,40,113,50,1,45,0,137,339,89,0,82,227,31,56,56,52,61,2.8,14.4,-6.6,21,515,176,24.9,81.8,1082,1107,5514,22,150,153,249,96,192,-40.5,32.7,565,339,-9999,56
12,site12,region12,53.268717,-125.487709,975,-1.3,-4.2,2,8.7,14.3,18,22.7,22.4,18.2,10.4,0.1,-2.2,-10.8,-17.8,-10.2,-3.7,1.4,3.4,6,6,2.3,1,-8.5,-11,-6,-11,-4.1,2.5,7.8,10.7,14.4,14.2,10.2,5.7,-4.2,-6.6,42,36,39,24,31,44,45,24,33,80,55,65,-9999,-9999,-9999,-9999,-9999,-9999,-9999,-9999,-9999,-9999,-9999,-9999,206,311,156,26,1,0,0,0,1,8,157,220,1,0,1,19,101,172,289,286,164,66,2,1,745,809,687,465,316,220,118,119,233,383,667,759,0,0,0,0,2,2,6,7,3,1,0,0,1,0,1,5,19,25,30,30,21,18,1,1,32,36,37,11,3,1,0,0,2,4,41,55,0,0,0,51,85,107,127,105,63,26,0,0,0,0,0,27,54,63,82,81,30,0,0,0,61,45,53,57,59,55,51,51,51,69,65,62,-3.3,8.3,21,9.5,-14,-4.2,5.1,-1.8,-8.6,2.1,13.1,3.9,126,94,113,168,-9999,-9999,-9999,-9999,737,183,0,165,1,122,747,232,2313,1468,457,1283,0,2,15,4,1,24,85,40,113,50,1,47,0,137,339,89,0,82,226,30,56,56,52,61,2.8,14.4,-6.6,20.9,518,177,24.7,81.3,1085,1102,5522,21,150,154,249,95,193,-40.5,32.6,564,338,-9999,57
13,site13,region13,53.270418,-125.488953,999,-1.3,-4.4,2,8.7,14.2,17.9,22.6,22.3,18.1,10.3,0,-2.2,-10.7,-17.8,-10.3,-3.8,1.3,3.3,5.9,5.9,2.2,0.9,-8.6,-11,-6,-11.1,-4.1,2.4,7.7,10.6,14.2,14.1,10.2,5.6,-4.3,-6.6,42,36,39,24,31,44,46,24,33,81,56,65,-9999,-9999,-9999,-9999,-9999,-9999,-9999,-9999,-9999,-9999,-9999,-9999,205,314,157,26,1,0,0,0,1,8,159,220,1,0,1,18,99,168,286,283,161,65,2,1,745,811,688,468,319,223,121,122,236,386,669,759,0,0,0,0,2,2,6,7,3,1,0,0,1,0,1,5,18,25,30,30,21,18,1,1,32,36,37,11,3,1,0,0,2,4,42,56,0,0,0,51,85,106,127,104,63,26,0,0,0,0,0,27,54,62,81,80,30,0,0,0,61,45,52,57,59,55,51,51,51,69,64,61,-3.3,8.3,20.9,9.5,-14,-4.3,5.1,-1.8,-8.6,2,13,3.8,126,94,114,170,-9999,-9999,-9999,-9999,739,184,0,167,1,119,738,228,2315,1475,466,1291,0,2,14,4,1,24,84,39,113,51,1,48,0,136,337,88,0,81,223,30,56,56,52,61,2.7,14.2,-6.6,20.9,521,178,24.4,80.2,1091,1086,5547,20,149,154,248,94,195,-40.6,32.5,561,334,-9999,57
14,site14,region14,53.27383,-125.479233,1025,-1.3,-4.6,1.9,8.6,14,17.7,22.4,22.1,18,10.1,0,-2.2,-10.6,-17.8,-10.3,-3.9,1.2,3.2,5.8,5.8,2.1,0.8,-8.8,-11.1,-6,-11.2,-4.2,2.3,7.6,10.5,14.1,14,10,5.5,-4.4,-6.6,42,36,39,24,31,44,45,24,33,80,56,65,-9999,-9999,-9999,-9999,-9999,-9999,-9999,-9999,-9999,-9999,-9999,-9999,204,316,159,27,1,0,0,0,1,8,161,221,1,0,1,18,96,165,283,279,158,63,2,1,744,814,690,470,322,227,124,126,239,390,672,760,0,0,0,0,2,2,5,6,3,1,0,0,1,0,1,4,18,24,30,30,20,17,1,1,32,36,37,11,3,1,0,0,2,5,42,56,0,0,0,51,84,105,126,104,62,26,0,0,0,0,0,27,53,61,80,80,29,0,0,0,62,46,52,57,59,55,51,51,51,68,64,61,-3.4,8.2,20.8,9.4,-13.9,-4.4,4.9,-2,-8.7,1.9,12.9,3.7,126,94,114,169,-9999,-9999,-9999,-9999,741,187,0,170,1,116,727,223,2318,1483,477,1301,0,2,13,4,1,23,84,39,113,51,2,48,0,136,335,88,0,81,222,29,56,56,52,61,2.6,14.1,-6.6,20.8,519,177,24.3,79.6,1099,1066,5579,19,147,155,248,93,196,-40.6,32.4,559,332,-9999,57
15,site15,region15,53.277427,-125.480522,949,-1.2,-4,2.1,8.8,14.4,18.2,22.9,22.6,18.4,10.5,0.2,-2.2,-10.8,-17.9,-10.2,-3.6,1.4,3.5,6.1,6,2.2,1,-8.5,-11,-6,-11,-4,2.6,7.9,10.8,14.5,14.3,10.3,5.8,-4.2,-6.6,42,36,39,24,31,43,45,24,33,80,54,64,-9999,-9999,-9999,-9999,-9999,-9999,-9999,-9999,-9999,-9999,-9999,-9999,206,309,155,25,1,0,0,0,1,7,155,220,1,0,2,19,104,175,292,288,165,68,2,1,745,807,685,463,313,216,115,118,232,380,664,759,0,0,0,0,2,2,6,8,3,1,0,0,1,0,1,5,19,25,30,30,21,18,1,1,32,36,37,10,2,1,0,0,1,4,40,55,0,0,0,52,86,107,128,106,63,26,0,0,0,0,0,28,55,65,83,82,31,0,0,0,60,44,53,57,58,55,50,51,51,68,65,61,-3.2,8.4,21.2,9.7,-14,-4.1,5.2,-1.8,-8.6,2.1,13.2,4,126,94,112,166,-9999,-9999,-9999,-9999,735,181,0,163,1,125,756,235,2311,1461,449,1277,0,2,16,4,1,24,85,40,113,49,1,45,0,137,341,89,0,83,229,31,55,56,52,61,2.9,14.5,-6.6,21.1,514,175,25,82.5,1079,1117,5498,22,150,153,248,95,192,-40.6,32.8,568,343,-9999,56
16,site16,region16,53.271705,-125.486732,947,-1.3,-4.1,2,8.8,14.4,18.2,22.9,22.6,18.4,10.5,0.1,-2.2,-10.9,-17.9,-10.1,-3.6,1.5,3.5,6.1,6.1,2.3,1.1,-8.4,-10.9,-6.1,-11,-4.1,2.6,7.9,10.8,14.5,14.3,10.3,5.8,-4.2,-6.6,42,36,39,24,31,43,45,24,33,80,54,65,-9999,-9999,-9999,-9999,-9999,-9999,-9999,-9999,-9999,-9999,-9999,-9999,207,310,155,25,1,0,0,0,1,7,155,219,1,0,1,19,104,176,293,289,167,68,2,1,747,807,686,463,313,216,115,117,230,380,665,758,0,0,0,0,2,2,6,8,3,1,0,0,1,0,1,5,19,25,30,30,21,18,1,1,33,36,37,10,2,1,0,0,1,4,40,55,0,0,0,52,86,107,128,105,63,26,0,0,0,0,0,28,55,64,83,82,31,0,0,0,61,44,53,57,59,55,50,51,51,68,65,62,-3.2,8.4,21.2,9.7,-14,-4.1,5.2,-1.7,-8.6,2.1,13.2,4,126,94,112,167,-9999,-9999,-9999,-9999,736,181,0,163,1,125,758,237,2312,1462,447,1275,0,2,16,4,1,24,85,40,113,50,1,45,0,137,341,89,0,82,229,31,56,56,52,61,2.9,14.5,-6.6,21,515,176,25,82.5,1080,1121,5496,22,151,153,249,97,192,-40.4,32.8,567,342,-9999,56
17,site17,region17,53.31577,-125.691345,944,-1.5,-4.2,2,8.9,14.6,17.6,22.4,22.1,17.9,9.9,0,-2.4,-10.8,-17.6,-9.8,-3.6,1.7,3.8,6.5,6.7,3,1.3,-8,-10.4,-6.1,-10.9,-3.9,2.7,8.2,10.7,14.4,14.4,10.4,5.6,-4,-6.4,43,33,37,27,26,41,51,25,32,78,56,65,-9999,-9999,-9999,-9999,-9999,-9999,-9999,-9999,-9999,-9999,-9999,-9999,209,307,152,24,1,0,0,0,1,8,152,214,1,0,2,20,110,172,291,291,169,65,2,1,749,805,682,460,306,220,116,116,228,386,661,753,0,0,0,0,2,2,6,8,4,1,0,0,1,0,1,5,20,26,30,30,22,19,2,1,34,32,35,11,2,1,0,0,1,4,41,55,0,0,0,52,86,104,124,102,61,24,0,0,0,0,0,25,60,63,74,77,29,0,0,0,62,46,54,57,59,57,53,54,54,71,67,64,-3.4,8.5,20.7,9.3,-13.7,-3.9,5.6,-1.2,-8.5,2.3,13.2,4,128,90,117,167,-9999,-9999,-9999,-9999,730,177,0,160,1,132,754,237,2306,1448,452,1274,0,3,16,4,2,26,86,43,115,48,1,46,0,138,330,86,0,85,213,29,57,57,54,64,2.9,14.4,-6.4,20.8,514,176,25.1,82.1,1068,1124,5480,23,156,150,255,104,195,-39.9,32.4,554,328,-9999,58
18,site18,region18,53.316372,-125.69416,1040,-1.2,-4.2,2,8.7,14.2,17.3,21.9,21.7,17.5,9.5,0,-2.3,-10.5,-17.5,-10.2,-3.8,1.5,3.5,6.2,6.5,2.9,1.2,-8.2,-10.5,-5.9,-10.9,-4.1,2.4,7.8,10.4,14.1,14.1,10.2,5.3,-4.1,-6.4,43,33,37,28,26,42,51,25,32,79,57,65,-9999,-9999,-9999,-9999,-9999,-9999,-9999,-9999,-9999,-9999,-9999,-9999,202,307,156,26,1,0,0,0,1,9,154,213,1,0,1,18,102,163,282,282,162,61,2,1,741,804,687,467,315,229,125,123,235,394,664,752,0,0,0,0,2,1,5,7,3,1,0,0,1,0,1,5,19,25,30,30,22,18,1,1,33,32,35,12,2,1,0,0,2,5,42,55,0,0,0,51,85,102,122,100,60,24,0,0,0,0,0,24,58,60,72,75,28,0,0,0,62,46,53,56,59,57,53,54,54,72,66,64,-3.2,8.3,20.3,9,-13.6,-4.2,5.4,-1.4,-8.4,2.1,12.8,3.8,128,91,118,168,-9999,-9999,-9999,-9999,722,184,0,164,1,122,726,225,2297,1470,477,1292,0,2,13,4,2,24,85,42,114,50,2,48,0,136,325,84,0,82,207,28,57,56,55,64,2.7,14.1,-6.4,20.4,518,177,24.6,79.7,1070,1075,5536,20,153,152,254,102,198,-39.9,31.9,545,317,-9999,58
19,site19,region19,53.317259,-125.701469,1005,-1.3,-4.2,2,8.8,14.4,17.5,22.1,21.8,17.7,9.6,-0.1,-2.3,-10.7,-17.5,-10,-3.8,1.6,3.6,6.3,6.5,2.9,1.2,-8.1,-10.4,-6,-10.8,-4,2.5,8,10.6,14.2,14.2,10.3,5.4,-4.1,-6.4,43,33,37,27,26,41,51,25,32,78,56,65,-9999,-9999,-9999,-9999,-9999,-9999,-9999,-9999,-9999,-9999,-9999,-9999,205,306,154,26,1,0,0,0,1,8,153,213,1,0,2,19,106,168,285,285,165,63,2,1,744,803,685,465,310,224,122,120,232,390,662,752,0,0,0,0,2,2,6,7,3,1,0,0,1,0,1,5,19,25,30,30,22,19,2,1,33,32,35,12,2,1,0,0,1,5,41,55,0,0,0,52,86,103,123,101,61,24,0,0,0,0,0,24,59,62,72,76,28,0,0,0,61,46,53,56,59,57,53,54,54,72,67,64,-3.3,8.4,20.5,9.1,-13.6,-4.1,5.5,-1.3,-8.4,2.2,13,3.9,128,91,118,166,-9999,-9999,-9999,-9999,724,181,0,162,1,127,737,230,2299,1460,466,1285,0,2,14,4,2,25,86,42,115,49,1,47,0,137,327,85,0,84,210,28,57,56,55,64,2.8,14.2,-6.4,20.6,515,176,24.9,80.6,1067,1095,5510,21,154,152,254,102,196,-39.9,32.1,549,321,-9999,58
20,site20,region20,53.318495,-125.695694,947,-1.5,-4.2,2,8.9,14.6,17.6,22.3,22.1,17.9,9.9,0,-2.4,-10.8,-17.5,-9.8,-3.6,1.7,3.8,6.5,6.6,2.9,1.3,-8,-10.4,-6.1,-10.9,-3.9,2.7,8.2,10.7,14.4,14.4,10.4,5.6,-4,-6.4,43,33,37,27,26,41,51,25,32,78,56,65,-9999,-9999,-9999,-9999,-9999,-9999,-9999,-9999,-9999,-9999,-9999,-9999,208,306,152,24,1,0,0,0,1,8,151,214,1,0,2,20,110,172,291,291,169,65,2,1,748,804,682,460,305,220,116,116,228,386,660,753,0,0,0,0,2,2,6,8,4,1,0,0,1,0,1,5,20,26,30,30,22,19,2,1,33,32,35,11,2,1,0,0,1,4,40,55,0,0,0,52,86,104,124,102,61,24,0,0,0,0,0,25,60,63,73,77,29,0,0,0,62,46,54,57,59,57,53,54,54,71,67,64,-3.3,8.5,20.7,9.2,-13.7,-3.9,5.6,-1.2,-8.5,2.3,13.2,4,128,90,117,166,-9999,-9999,-9999,-9999,729,177,0,159,1,132,753,236,2305,1448,452,1274,0,3,16,4,2,25,86,43,115,48,1,46,0,138,330,86,0,85,213,29,57,57,54,64,2.9,14.4,-6.4,20.8,513,176,25.2,82,1066,1123,5478,22,156,150,254,104,194,-39.9,32.4,554,327,-9999,58
21,site21,region21,53.31966,-125.69709,952,-1.5,-4.2,2,8.9,14.5,17.6,22.3,22.1,17.9,9.9,0,-2.3,-10.7,-17.5,-9.9,-3.6,1.7,3.8,6.5,6.6,2.9,1.3,-8,-10.4,-6.1,-10.9,-3.9,2.7,8.1,10.7,14.4,14.4,10.4,5.6,-4,-6.4,43,33,37,27,26,41,51,25,32,78,56,65,-9999,-9999,-9999,-9999,-9999,-9999,-9999,-9999,-9999,-9999,-9999,-9999,208,306,152,24,1,0,0,0,1,8,151,214,1,0,2,20,110,171,290,290,169,65,2,1,748,804,682,460,306,220,117,116,228,386,660,752,0,0,0,0,2,2,6,8,4,1,0,0,1,0,1,5,20,26,30,30,22,19,2,1,33,32,35,11,2,1,0,0,1,4,40,55,0,0,0,52,86,104,124,102,61,24,0,0,0,0,0,25,60,63,73,77,29,0,0,0,62,46,54,57,59,57,53,54,54,71,67,64,-3.3,8.5,20.7,9.2,-13.7,-3.9,5.6,-1.2,-8.5,2.3,13.1,4,128,90,117,166,-9999,-9999,-9999,-9999,728,177,0,159,1,131,752,236,2304,1448,454,1274,0,3,16,4,2,25,86,43,115,48,1,46,0,138,330,86,0,85,213,29,57,57,54,64,2.9,14.4,-6.4,20.8,514,176,25.1,81.8,1065,1121,5480,22,156,150,254,104,194,-39.9,32.4,553,326,-9999,58
22,site22,region22,53.316107,-125.696732,966,-1.4,-4.2,2,8.9,14.5,17.5,22.2,22.1,17.9,9.8,0,-2.3,-10.7,-17.5,-9.9,-3.6,1.7,3.7,6.4,6.6,2.9,1.3,-8.1,-10.4,-6.1,-10.8,-4,2.6,8.1,10.6,14.3,14.3,10.4,5.6,-4,-6.4,43,33,37,27,26,41,51,25,32,79,56,65,-9999,-9999,-9999,-9999,-9999,-9999,-9999,-9999,-9999,-9999,-9999,-9999,207,306,153,25,1,0,0,0,1,8,152,214,1,0,2,20,108,169,289,289,168,64,2,1,747,804,683,461,308,222,118,117,229,387,661,752,0,0,0,0,2,2,6,8,3,1,0,0,1,0,1,5,20,26,30,30,22,19,2,1,33,32,35,11,2,1,0,0,1,4,41,55,0,0,0,52,86,103,124,102,61,24,0,0,0,0,0,25,59,62,73,77,29,0,0,0,62,46,54,57,59,57,53,54,54,71,67,64,-3.3,8.4,20.6,9.2,-13.6,-4,5.6,-1.3,-8.5,2.2,13.1,4,128,91,117,167,-9999,-9999,-9999,-9999,727,178,0,161,1,129,747,235,2303,1452,458,1276,0,3,15,4,2,25,86,43,115,48,1,47,0,138,329,85,0,84,212,29,57,56,54,64,2.9,14.3,-6.4,20.7,516,176,25,81.5,1066,1113,5489,22,155,151,254,104,195,-39.9,32.4,552,325,-9999,58
23,site23,region23,53.319709,-125.694122,970,-1.4,-4.2,2,8.9,14.5,17.6,22.2,22,17.8,9.7,0,-2.3,-10.7,-17.5,-9.9,-3.7,1.7,3.7,6.4,6.6,2.9,1.3,-8,-10.4,-6.1,-10.9,-4,2.6,8.1,10.7,14.3,14.3,10.4,5.5,-4,-6.4,43,33,37,27,26,41,51,25,32,78,56,65,-9999,-9999,-9999,-9999,-9999,-9999,-9999,-9999,-9999,-9999,-9999,-9999,207,307,153,25,1,0,0,0,1,8,152,214,1,0,2,20,109,170,288,288,167,64,2,1,747,804,683,462,307,221,119,118,230,388,660,753,0,0,0,0,2,2,6,8,3,1,0,0,1,0,1,5,20,26,30,30,22,19,2,1,33,32,35,11,2,1,0,0,1,4,41,55,0,0,0,52,86,104,124,102,61,24,0,0,0,0,0,25,60,62,73,76,28,0,0,0,62,46,54,57,59,57,53,54,54,71,67,64,-3.3,8.5,20.6,9.2,-13.7,-4,5.6,-1.3,-8.5,2.2,13.1,3.9,128,90,117,166,-9999,-9999,-9999,-9999,728,179,0,160,1,130,747,233,2304,1453,458,1279,0,3,15,4,2,25,86,43,115,48,1,46,0,138,329,85,0,85,212,28,57,56,54,64,2.9,14.3,-6.4,20.7,513,176,25.1,81.4,1067,1111,5493,22,155,151,254,103,195,-39.9,32.2,552,325,-9999,58
24,site24,region24,53.318221,-125.685524,968,-1.5,-4.2,2,8.8,14.5,17.6,22.3,21.9,17.8,9.7,-0.1,-2.3,-10.7,-17.6,-9.9,-3.6,1.7,3.7,6.4,6.6,2.9,1.3,-8,-10.4,-6.1,-10.9,-4,2.6,8.1,10.6,14.3,14.3,10.4,5.5,-4,-6.4,43,33,37,26,26,41,51,25,32,78,56,65,-9999,-9999,-9999,-9999,-9999,-9999,-9999,-9999,-9999,-9999,-9999,-9999,207,308,153,25,1,0,0,0,1,8,151,214,1,0,2,19,109,170,289,288,167,63,2,1,747,805,684,463,307,222,118,118,230,389,660,753,0,0,0,0,2,2,6,7,3,1,0,0,1,0,1,5,20,26,30,30,22,19,2,1,33,32,35,11,2,1,0,0,1,4,41,55,0,0,0,52,86,104,124,101,61,24,0,0,0,0,0,26,60,63,73,76,28,0,0,0,62,46,54,57,59,57,53,54,54,72,67,64,-3.3,8.4,20.6,9.1,-13.7,-4,5.6,-1.2,-8.5,2.2,13.1,3.9,128,89,117,166,-9999,-9999,-9999,-9999,729,179,0,160,1,130,747,232,2305,1454,458,1279,0,3,15,4,2,25,86,43,115,48,1,46,0,137,329,85,0,85,212,28,57,57,55,64,2.9,14.3,-6.4,20.7,513,176,25.1,81.7,1069,1111,5496,22,156,151,254,104,195,-39.9,32.2,551,325,-9999,58
25,site25,region25,53.317176,-125.686028,949,-1.5,-4.2,1.9,8.9,14.6,17.6,22.4,22,17.8,9.8,-0.1,-2.4,-10.8,-17.6,-9.9,-3.6,1.7,3.8,6.5,6.7,3,1.3,-8,-10.4,-6.1,-10.9,-4,2.6,8.2,10.7,14.4,14.4,10.4,5.6,-4,-6.4,43,33,37,26,26,41,51,25,32,78,56,65,-9999,-9999,-9999,-9999,-9999,-9999,-9999,-9999,-9999,-9999,-9999,-9999,209,308,152,25,1,0,0,0,1,8,151,214,1,0,2,20,110,172,291,290,168,64,2,1,749,805,683,461,305,220,116,117,229,387,660,753,0,0,0,0,2,2,6,8,3,1,0,0,1,0,1,5,20,26,30,30,22,19,2,1,33,32,35,11,2,1,0,0,1,4,40,55,0,0,0,52,86,104,124,102,61,24,0,0,0,0,0,26,60,63,74,76,29,0,0,0,62,46,54,57,59,57,53,54,54,71,67,64,-3.4,8.5,20.7,9.2,-13.7,-3.9,5.6,-1.2,-8.5,2.3,13.2,4,128,89,117,166,-9999,-9999,-9999,-9999,731,178,0,160,1,132,753,235,2307,1449,453,1276,0,3,16,4,2,25,86,43,115,48,1,46,0,138,330,85,0,86,213,29,57,57,54,64,2.9,14.4,-6.4,20.8,513,175,25.2,82.1,1068,1120,5485,22,156,150,255,104,194,-39.9,32.3,553,327,-9999,58
26,site26,region26,53.317858,-125.690086,956,-1.5,-4.2,2,8.9,14.5,17.6,22.3,22,17.8,9.8,-0.1,-2.3,-10.8,-17.6,-9.9,-3.6,1.7,3.7,6.5,6.7,3,1.3,-8,-10.4,-6.1,-10.9,-4,2.6,8.1,10.7,14.4,14.3,10.4,5.5,-4,-6.4,43,33,37,26,26,41,51,25,32,78,56,65,-9999,-9999,-9999,-9999,-9999,-9999,-9999,-9999,-9999,-9999,-9999,-9999,208,307,152,25,1,0,0,0,1,8,151,214,1,0,2,20,109,171,290,289,168,64,2,1,748,805,683,462,307,221,117,117,229,387,660,753,0,0,0,0,2,2,6,8,3,1,0,0,1,0,1,5,20,26,30,30,22,19,2,1,33,32,35,11,2,1,0,0,1,4,41,55,0,0,0,52,86,103,124,102,61,24,0,0,0,0,0,26,60,63,73,76,28,0,0,0,62,46,54,57,59,57,53,54,54,71,67,64,-3.3,8.4,20.6,9.2,-13.7,-3.9,5.6,-1.2,-8.5,2.3,13.1,4,128,89,117,166,-9999,-9999,-9999,-9999,729,178,0,160,1,131,750,234,2305,1451,455,1276,0,3,15,4,2,25,86,43,115,48,1,46,0,138,329,85,0,85,212,28,57,57,55,64,2.9,14.4,-6.4,20.8,513,176,25.1,81.9,1067,1116,5488,22,156,150,255,104,194,-39.9,32.3,552,326,-9999,58
27,site27,region27,53.320018,-125.704681,980,-1.4,-4.2,2,8.9,14.5,17.5,22.2,22,17.8,9.8,-0.1,-2.3,-10.7,-17.5,-9.9,-3.7,1.7,3.7,6.4,6.6,2.9,1.3,-8,-10.4,-6.1,-10.8,-4,2.6,8.1,10.6,14.3,14.3,10.4,5.5,-4,-6.4,43,33,37,27,26,41,51,26,32,78,56,65,-9999,-9999,-9999,-9999,-9999,-9999,-9999,-9999,-9999,-9999,-9999,-9999,207,306,153,25,1,0,0,0,1,8,152,214,1,0,2,20,108,169,288,288,167,64,2,1,746,804,683,462,308,222,119,118,230,388,661,752,0,0,0,0,2,2,6,7,3,1,0,0,1,0,1,5,20,25,30,30,22,19,2,1,33,32,35,11,2,1,0,0,1,4,41,55,0,0,0,52,86,103,124,102,61,24,0,0,0,0,0,25,60,62,73,76,28,0,0,0,62,46,54,56,59,57,53,54,54,71,67,64,-3.3,8.4,20.6,9.2,-13.6,-4,5.6,-1.3,-8.5,2.2,13.1,4,128,90,118,166,-9999,-9999,-9999,-9999,726,179,0,161,1,129,745,233,2302,1454,460,1279,0,3,15,4,2,25,86,43,115,48,1,47,0,138,329,85,0,85,211,28,57,56,55,64,2.9,14.3,-6.4,20.7,515,176,25,81.1,1066,1109,5495,21,155,151,254,103,196,-39.8,32.2,552,324,-9999,58
28,site28,region28,53.322029,-125.714737,985,-1.4,-4.1,2,8.9,14.4,17.4,22.2,22,17.8,9.8,0,-2.2,-10.6,-17.5,-9.9,-3.7,1.6,3.7,6.4,6.6,2.9,1.3,-8,-10.4,-6,-10.8,-4,2.6,8,10.5,14.3,14.3,10.4,5.5,-4,-6.3,44,32,37,28,26,42,51,26,33,80,58,65,-9999,-9999,-9999,-9999,-9999,-9999,-9999,-9999,-9999,-9999,-9999,-9999,205,305,152,25,1,0,0,0,1,8,152,212,1,0,2,20,107,167,287,288,167,64,2,1,744,803,683,462,310,225,120,118,230,388,660,750,0,0,0,0,2,2,6,7,3,1,0,0,1,0,1,5,20,25,30,30,22,19,2,1,34,32,35,12,2,1,0,0,1,4,42,55,0,0,0,52,85,103,123,102,61,24,0,0,0,0,0,24,59,61,72,76,28,0,0,0,62,46,54,56,59,57,53,54,54,71,67,64,-3.2,8.4,20.5,9.2,-13.6,-4,5.5,-1.3,-8.4,2.2,13,4,129,92,118,170,-9999,-9999,-9999,-9999,722,178,0,160,1,128,742,233,2297,1455,463,1278,0,3,15,4,2,25,86,43,115,49,1,48,0,137,328,85,0,83,210,28,57,56,55,64,2.9,14.3,-6.3,20.6,522,177,24.7,80.6,1061,1105,5493,21,155,151,254,103,198,-39.8,32.3,551,321,-9999,58
29,site29,region29,53.319846,-125.713455,914,-1.6,-4.2,2,9.1,14.6,17.7,22.5,22.4,18.2,10.1,0,-2.4,-10.8,-17.5,-9.7,-3.5,1.8,3.8,6.6,6.7,3,1.4,-7.9,-10.4,-6.2,-10.8,-3.9,2.8,8.2,10.8,14.5,14.5,10.6,5.7,-4,-6.4,44,32,37,27,26,41,51,26,32,79,57,65,-9999,-9999,-9999,-9999,-9999,-9999,-9999,-9999,-9999,-9999,-9999,-9999,210,306,150,23,1,0,0,0,1,7,150,213,1,0,2,21,112,174,294,295,173,67,2,1,750,803,680,456,303,218,113,113,223,381,658,752,0,0,0,0,2,2,7,8,4,1,0,0,1,0,1,5,20,26,30,30,23,19,2,1,34,32,35,11,2,1,0,0,1,4,41,55,0,0,0,53,86,104,125,103,62,25,0,0,0,0,0,25,60,63,74,78,29,0,0,0,62,46,55,56,59,57,53,53,53,71,67,65,-3.4,8.6,20.8,9.4,-13.6,-3.8,5.7,-1.2,-8.5,2.4,13.3,4.1,129,90,117,168,-9999,-9999,-9999,-9999,729,174,0,158,1,135,762,243,2305,1439,444,1263,0,3,17,4,2,26,86,43,116,47,1,46,0,139,332,87,0,85,215,29,57,57,54,64,3,14.5,-6.4,20.9,517,176,25.1,82.5,1061,1142,5452,24,157,150,255,105,195,-39.8,32.7,558,329,-9999,58
30,site30,region30,53.31106,-125.710342,908,-1.6,-4.1,2,9.1,14.6,17.7,22.5,22.4,18.2,10.1,0,-2.4,-10.8,-17.5,-9.7,-3.5,1.8,3.8,6.6,6.7,3,1.4,-7.9,-10.4,-6.2,-10.8,-3.8,2.8,8.2,10.8,14.6,14.6,10.6,5.8,-3.9,-6.4,44,33,37,27,26,41,51,25,32,79,57,65,-9999,-9999,-9999,-9999,-9999,-9999,-9999,-9999,-9999,-9999,-9999,-9999,210,305,149,23,1,0,0,0,1,7,150,214,1,0,2,21,112,174,295,296,174,68,2,1,750,803,679,456,303,218,113,112,223,381,658,753,0,0,0,0,2,2,7,9,4,1,0,0,1,0,1,5,20,26,30,30,23,19,2,1,34,32,35,11,2,1,0,0,1,4,41,55,0,0,0,53,86,104,125,104,62,25,0,0,0,0,0,25,60,63,74,78,30,0,0,0,62,46,54,56,59,57,53,53,53,70,67,65,-3.4,8.6,20.9,9.5,-13.7,-3.8,5.7,-1.2,-8.5,2.4,13.3,4.1,129,90,117,168,-9999,-9999,-9999,-9999,729,173,0,158,1,135,764,244,2306,1438,443,1261,0,3,17,4,2,26,86,43,116,47,1,47,0,139,333,87,0,85,215,30,57,57,54,64,3,14.6,-6.4,21,517,176,25.1,82.7,1060,1144,5448,24,157,150,255,105,195,-39.8,32.7,558,330,-9999,58
31,site31,region31,53.316412,-125.703506,912,-1.6,-4.2,2,9.1,14.6,17.7,22.5,22.4,18.2,10.1,0,-2.4,-10.8,-17.5,-9.7,-3.5,1.8,3.8,6.6,6.7,3,1.4,-7.9,-10.4,-6.2,-10.8,-3.9,2.8,8.2,10.8,14.5,14.5,10.6,5.7,-4,-6.4,43,33,37,27,26,41,51,25,32,78,56,65,-9999,-9999,-9999,-9999,-9999,-9999,-9999,-9999,-9999,-9999,-9999,-9999,210,306,150,23,1,0,0,0,1,7,150,214,1,0,2,21,112,174,294,295,174,67,2,1,750,803,680,456,303,218,113,112,223,381,659,753,0,0,0,0,2,2,7,8,4,1,0,0,1,0,1,5,20,26,30,30,22,19,2,1,34,32,35,11,2,1,0,0,1,4,41,55,0,0,0,52,86,104,125,103,62,25,0,0,0,0,0,25,60,63,74,78,30,0,0,0,62,46,55,57,59,57,53,53,53,71,67,65,-3.4,8.6,20.9,9.4,-13.7,-3.8,5.7,-1.2,-8.5,2.4,13.3,4.1,128,90,117,167,-9999,-9999,-9999,-9999,730,174,0,158,1,135,763,243,2307,1439,443,1264,0,3,17,4,2,26,86,43,115,47,1,46,0,139,332,87,0,85,215,30,57,57,54,64,3,14.5,-6.4,20.9,515,176,25.2,82.8,1063,1143,5453,24,157,150,255,105,194,-39.8,32.7,558,330,-9999,58
32,site32,region32,53.316837,-125.701027,893,-1.6,-4.2,2,9.1,14.7,17.8,22.5,22.5,18.3,10.2,0,-2.4,-10.9,-17.5,-9.6,-3.4,1.9,3.9,6.6,6.8,3,1.4,-7.9,-10.4,-6.2,-10.8,-3.8,2.9,8.3,10.8,14.6,14.6,10.6,5.8,-4,-6.4,43,33,37,27,26,41,51,25,32,78,56,65,-9999,-9999,-9999,-9999,-9999,-9999,-9999,-9999,-9999,-9999,-9999,-9999,211,306,149,23,1,0,0,0,1,7,150,214,1,0,2,21,114,176,295,297,175,68,2,1,752,803,679,455,301,216,112,111,222,380,658,753,0,0,0,0,2,2,7,9,4,1,0,0,1,0,1,5,20,26,30,30,23,19,2,1,34,32,35,10,2,1,0,0,1,4,40,55,0,0,0,53,87,104,125,104,62,25,0,0,0,0,0,26,60,64,74,78,30,0,0,0,62,46,55,57,59,57,53,53,53,70,67,65,-3.4,8.6,20.9,9.5,-13.7,-3.7,5.8,-1.2,-8.5,2.4,13.3,4.2,128,90,117,166,-9999,-9999,-9999,-9999,731,173,0,158,1,137,768,245,2307,1435,439,1260,0,3,17,4,2,26,86,43,115,47,1,45,0,139,333,87,0,86,217,30,57,57,54,64,3,14.6,-6.4,21,514,175,25.4,83.3,1062,1152,5441,25,157,149,255,106,193,-39.8,32.8,560,332,-9999,58
33,site33,region33,53.318506,-125.6996,885,-1.6,-4.2,2,9.2,14.7,17.8,22.6,22.5,18.3,10.2,0,-2.4,-10.9,-17.5,-9.6,-3.4,1.9,3.9,6.6,6.8,3,1.4,-7.9,-10.4,-6.3,-10.8,-3.8,2.9,8.3,10.9,14.6,14.6,10.6,5.8,-3.9,-6.4,43,33,37,27,26,41,51,25,32,78,56,65,-9999,-9999,-9999,-9999,-9999,-9999,-9999,-9999,-9999,-9999,-9999,-9999,212,306,149,23,1,0,0,0,1,7,150,214,1,0,2,21,115,177,296,297,175,69,2,1,752,803,678,454,300,215,111,111,222,379,658,753,0,0,0,0,2,2,7,9,4,1,0,0,1,0,1,5,20,26,30,30,23,19,2,1,34,32,35,10,2,1,0,0,1,4,40,55,0,0,0,53,87,105,125,104,62,25,0,0,0,0,0,26,60,64,75,78,30,0,0,0,62,46,55,57,59,57,53,53,53,70,67,65,-3.4,8.6,21,9.5,-13.7,-3.7,5.8,-1.2,-8.5,2.5,13.4,4.2,128,90,117,166,-9999,-9999,-9999,-9999,732,172,0,157,1,138,770,246,2308,1433,437,1259,0,3,18,4,2,26,86,43,115,47,1,45,0,139,334,87,0,86,217,30,57,57,54,64,3,14.6,-6.4,21,513,175,25.4,83.4,1062,1156,5437,25,158,149,255,106,193,-39.8,32.8,560,333,-9999,58
34,site34,region34,53.320554,-125.701683,905,-1.6,-4.2,2,9.1,14.7,17.8,22.5,22.4,18.2,10.1,0,-2.4,-10.8,-17.5,-9.7,-3.5,1.9,3.9,6.6,6.7,3,1.4,-7.9,-10.4,-6.2,-10.8,-3.9,2.8,8.3,10.8,14.6,14.6,10.6,5.8,-4,-6.4,43,33,37,27,26,41,51,25,32,78,56,65,-9999,-9999,-9999,-9999,-9999,-9999,-9999,-9999,-9999,-9999,-9999,-9999,211,306,149,23,1,0,0,0,1,7,150,214,1,0,2,21,113,175,295,295,174,68,2,1,751,804,679,456,302,216,113,112,223,381,659,752,0,0,0,0,2,2,7,9,4,1,0,0,1,0,1,5,20,26,30,30,23,19,2,1,34,32,35,10,2,1,0,0,1,4,40,55,0,0,0,53,86,104,125,103,62,25,0,0,0,0,0,26,60,64,74,78,30,0,0,0,62,46,55,57,59,57,53,53,53,71,67,65,-3.4,8.6,20.9,9.4,-13.7,-3.8,5.7,-1.2,-8.5,2.4,13.3,4.1,128,90,117,166,-9999,-9999,-9999,-9999,731,173,0,158,1,136,765,244,2307,1437,441,1263,0,3,17,4,2,26,86,43,115,47,1,45,0,139,333,87,0,86,216,30,57,57,54,64,3,14.6,-6.4,20.9,514,176,25.3,82.9,1063,1146,5449,24,157,150,255,105,194,-39.8,32.7,559,331,-9999,58
35,site35,region35,53.318011,-125.703995,888,-1.6,-4.2,2,9.2,14.7,17.8,22.6,22.5,18.3,10.2,0,-2.4,-10.9,-17.5,-9.6,-3.4,1.9,3.9,6.6,6.8,3,1.4,-7.9,-10.4,-6.3,-10.8,-3.8,2.9,8.3,10.8,14.6,14.6,10.6,5.8,-3.9,-6.4,43,33,37,27,26,41,51,25,32,78,56,65,-9999,-9999,-9999,-9999,-9999,-9999,-9999,-9999,-9999,-9999,-9999,-9999,212,306,149,23,1,0,0,0,1,7,150,214,1,0,2,21,114,176,296,297,175,69,2,1,752,804,679,454,301,216,111,111,221,379,658,753,0,0,0,0,2,2,7,9,4,1,0,0,1,0,1,5,20,26,30,30,23,19,2,1,34,32,35,10,2,1,0,0,1,4,40,55,0,0,0,53,87,104,125,104,62,25,0,0,0,0,0,26,60,64,75,78,30,0,0,0,62,46,55,57,59,57,53,53,53,70,67,65,-3.4,8.6,21,9.5,-13.7,-3.7,5.8,-1.2,-8.5,2.5,13.4,4.2,128,90,117,166,-9999,-9999,-9999,-9999,732,172,0,157,1,137,770,246,2309,1434,437,1259,0,3,18,4,2,26,86,43,115,47,1,45,0,139,334,87,0,86,217,30,57,57,54,64,3,14.6,-6.4,21,514,176,25.4,83.4,1062,1155,5438,25,158,149,255,106,193,-39.8,32.8,560,333,-9999,58
36,site36,region36,53.315388,-125.712555,873,-1.7,-4.2,2,9.3,14.7,17.8,22.7,22.6,18.4,10.3,0,-2.4,-10.9,-17.5,-9.6,-3.4,1.9,3.9,6.7,6.8,3,1.4,-7.8,-10.4,-6.3,-10.8,-3.8,2.9,8.3,10.9,14.7,14.7,10.7,5.9,-3.9,-6.4,44,32,37,27,26,41,51,26,32,78,57,65,-9999,-9999,-9999,-9999,-9999,-9999,-9999,-9999,-9999,-9999,-9999,-9999,212,306,148,22,1,0,0,0,1,7,149,214,1,0,2,22,115,177,298,299,177,70,2,1,753,803,678,452,300,215,110,109,220,377,657,753,0,0,0,0,2,2,7,9,4,1,0,0,1,0,1,5,21,26,30,30,23,19,2,1,34,32,35,10,2,1,0,0,1,4,41,55,0,0,0,53,87,105,126,104,63,25,0,0,0,0,0,26,60,64,75,79,30,0,0,0,62,46,55,56,59,57,53,53,53,70,68,65,-3.4,8.7,21,9.6,-13.7,-3.7,5.8,-1.1,-8.5,2.5,13.4,4.2,129,90,117,168,-9999,-9999,-9999,-9999,732,171,0,157,1,139,774,249,2309,1430,434,1254,0,3,18,5,2,27,86,43,116,46,1,46,0,139,335,88,0,86,217,30,57,57,54,64,3.1,14.7,-6.4,21.1,516,176,25.3,83.7,1060,1163,5427,25,158,149,255,106,194,-39.8,32.9,562,334,-9999,58
37,site37,region37,53.313997,-125.712463,884,-1.6,-4.2,2,9.2,14.7,17.8,22.6,22.5,18.3,10.3,0,-2.4,-10.9,-17.5,-9.6,-3.4,1.9,3.9,6.7,6.8,3,1.4,-7.9,-10.4,-6.2,-10.8,-3.8,2.9,8.3,10.8,14.6,14.7,10.7,5.8,-3.9,-6.4,44,32,37,27,26,41,51,25,32,78,57,65,-9999,-9999,-9999,-9999,-9999,-9999,-9999,-9999,-9999,-9999,-9999,-9999,211,306,148,22,1,0,0,0,1,7,149,214,1,0,2,22,114,176,297,298,176,69,2,1,752,803,678,453,301,216,111,110,221,378,658,753,0,0,0,0,2,2,7,9,4,1,0,0,1,0,1,5,20,26,30,30,23,19,2,1,34,32,35,10,2,1,0,0,1,4,41,55,0,0,0,53,86,104,125,104,62,25,0,0,0,0,0,26,60,64,75,79,30,0,0,0,62,46,55,56,59,57,53,53,53,70,68,65,-3.4,8.6,21,9.5,-13.7,-3.7,5.8,-1.1,-8.5,2.5,13.4,4.2,129,90,117,168,-9999,-9999,-9999,-9999,731,172,0,157,1,137,771,248,2308,1433,436,1257,0,3,18,4,2,26,86,43,116,47,1,46,0,139,334,88,0,86,217,30,57,57,54,64,3.1,14.7,-6.4,21.1,516,176,25.3,83.4,1060,1157,5433,25,158,149,255,106,194,-39.8,32.9,561,333,-9999,58
38,site38,region38,53.314502,-125.717499,885,-1.6,-4.1,2,9.2,14.7,17.8,22.6,22.5,18.3,10.3,0,-2.4,-10.8,-17.5,-9.6,-3.4,1.9,3.9,6.7,6.8,3,1.4,-7.8,-10.4,-6.2,-10.8,-3.8,2.9,8.3,10.8,14.6,14.7,10.7,5.8,-3.9,-6.4,44,32,37,27,26,41,51,26,32,79,57,65,-9999,-9999,-9999,-9999,-9999,-9999,-9999,-9999,-9999,-9999,-9999,-9999,211,306,148,22,1,0,0,0,1,7,149,214,1,0,2,22,114,176,297,298,176,69,2,1,752,803,678,453,301,216,111,110,221,378,657,753,0,0,0,0,2,2,7,9,4,1,0,0,1,0,1,5,20,26,30,30,23,19,2,1,34,32,35,10,2,1,0,0,1,4,41,55,0,0,0,53,86,104,125,104,62,25,0,0,0,0,0,26,60,64,75,79,30,0,0,0,62,46,55,56,59,57,53,53,53,70,68,65,-3.4,8.6,21,9.5,-13.7,-3.7,5.8,-1.1,-8.5,2.5,13.4,4.2,129,90,117,168,-9999,-9999,-9999,-9999,731,172,0,157,1,137,771,247,2308,1433,436,1257,0,3,18,4,2,26,86,43,116,47,1,46,0,139,334,88,0,86,217,30,57,57,54,64,3.1,14.7,-6.4,21,517,176,25.3,83.3,1060,1157,5433,25,158,149,255,106,194,-39.8,32.9,561,333,-9999,58
39,site39,region39,53.311786,-125.716743,892,-1.6,-4.2,2,9.2,14.7,17.8,22.6,22.5,18.3,10.2,0,-2.4,-10.8,-17.5,-9.6,-3.4,1.9,3.9,6.6,6.8,3,1.4,-7.8,-10.4,-6.2,-10.8,-3.8,2.9,8.3,10.8,14.6,14.6,10.7,5.8,-3.9,-6.4,44,32,37,27,26,41,51,25,32,79,58,65,-9999,-9999,-9999,-9999,-9999,-9999,-9999,-9999,-9999,-9999,-9999,-9999,211,306,149,23,1,0,0,0,1,7,149,214,1,0,2,21,113,175,296,297,176,69,2,1,751,803,679,454,302,216,111,110,221,379,657,753,0,0,0,0,2,2,7,9,4,1,0,0,1,0,1,5,20,26,30,30,23,19,2,1,34,32,35,10,2,1,0,0,1,4,42,55,0,0,0,53,86,104,125,104,62,25,0,0,0,0,0,26,60,63,74,78,30,0,0,0,62,46,55,56,59,57,53,53,53,70,68,65,-3.4,8.6,21,9.5,-13.7,-3.7,5.8,-1.1,-8.5,2.4,13.4,4.2,129,90,118,169,-9999,-9999,-9999,-9999,731,172,0,157,1,136,769,247,2307,1435,438,1257,0,3,18,4,2,26,86,43,116,47,1,47,0,139,334,87,0,86,216,30,57,57,54,64,3,14.6,-6.4,21,518,176,25.2,83.1,1060,1153,5437,25,158,149,255,106,194,-39.8,32.8,560,332,-9999,58
40,site40,region40,53.278217,-125.476685,889,-1.1,-3.6,2.2,9,14.7,18.5,23.2,22.9,18.7,10.8,0.3,-2.2,-11,-17.9,-10,-3.5,1.6,3.7,6.3,6.2,2.3,1.2,-8.3,-11,-6.1,-10.8,-3.9,2.8,8.2,11.1,14.8,14.6,10.5,6,-4,-6.6,42,36,38,24,31,41,45,24,32,78,52,64,-9999,-9999,-9999,-9999,-9999,-9999,-9999,-9999,-9999,-9999,-9999,-9999,206,304,151,23,1,0,0,0,1,7,151,219,1,0,2,21,110,184,300,296,171,72,2,1,746,801,681,457,305,208,107,112,226,373,659,758,0,0,0,0,2,2,7,9,4,1,0,0,1,0,1,5,20,25,30,30,21,19,1,1,33,36,36,9,2,1,0,0,1,3,38,55,0,0,0,52,87,109,130,107,64,26,0,0,0,0,0,29,56,68,85,83,32,0,0,0,59,43,53,57,58,54,50,51,50,68,65,62,-3,8.6,21.6,9.9,-14.1,-3.9,5.4,-1.6,-8.5,2.3,13.5,4.2,125,93,110,162,-9999,-9999,-9999,-9999,729,175,0,158,1,133,779,246,2305,1444,427,1257,0,3,18,4,1,25,86,41,113,48,1,42,0,139,346,91,0,84,236,32,54,56,52,61,3.1,14.8,-6.6,21.3,507,173,25.7,85.2,1062,1159,5433,25,153,151,249,98,187,-40.5,33.1,576,352,-9999,56
41,site41,region41,53.276773,-125.478653,905,-1.1,-3.7,2.2,9,14.6,18.4,23.1,22.9,18.6,10.7,0.3,-2.1,-11,-17.9,-10,-3.5,1.6,3.6,6.2,6.1,2.3,1.2,-8.3,-11,-6,-10.8,-3.9,2.7,8.1,11,14.7,14.5,10.5,6,-4,-6.6,42,36,38,24,31,42,45,24,32,79,53,64,-9999,-9999,-9999,-9999,-9999,-9999,-9999,-9999,-9999,-9999,-9999,-9999,206,305,152,24,1,0,0,0,1,7,151,219,1,0,2,20,109,182,298,294,170,71,2,1,746,803,682,459,308,210,109,114,227,374,660,758,0,0,0,0,2,2,7,8,4,1,0,0,1,0,1,5,19,25,30,30,21,18,1,1,32,36,36,10,2,1,0,0,1,3,38,55,0,0,0,52,87,109,129,107,64,26,0,0,0,0,0,28,56,67,84,83,32,0,0,0,59,43,53,57,58,54,50,51,50,68,65,62,-3,8.6,21.5,9.9,-14.1,-4,5.3,-1.6,-8.5,2.3,13.4,4.1,125,93,110,163,-9999,-9999,-9999,-9999,730,177,0,159,1,131,773,243,2306,1448,433,1262,0,3,17,4,1,25,85,41,113,48,1,43,0,139,345,90,0,84,234,32,55,56,52,61,3,14.7,-6.6,21.2,509,174,25.6,84.6,1066,1149,5449,24,152,152,249,97,188,-40.5,33,574,350,-9999,56
42,site42,region42,53.277318,-125.490479,914,-1,-3.8,2.3,8.9,14.6,18.4,23.1,22.8,18.6,10.7,0.3,-2.1,-11,-17.9,-10.1,-3.5,1.5,3.6,6.1,6.1,2.2,1.1,-8.4,-11,-6,-10.8,-3.9,2.7,8.1,11,14.6,14.4,10.4,5.9,-4,-6.5,42,36,39,25,31,43,45,24,33,80,54,65,-9999,-9999,-9999,-9999,-9999,-9999,-9999,-9999,-9999,-9999,-9999,-9999,205,306,150,24,1,0,0,0,1,7,152,218,1,0,2,20,108,180,296,292,169,70,2,1,744,803,680,459,309,212,111,115,228,376,661,757,0,0,0,0,2,2,7,8,3,1,0,0,1,0,1,5,19,25,30,30,21,18,1,1,32,36,36,10,2,1,0,0,1,4,39,55,0,0,0,52,86,108,129,107,64,26,0,0,0,0,0,27,55,66,84,83,31,0,0,0,59,43,52,57,58,54,50,51,50,68,65,61,-3,8.6,21.4,9.9,-14.1,-4,5.3,-1.7,-8.5,2.3,13.3,4.1,126,94,112,167,-9999,-9999,-9999,-9999,729,175,0,159,1,129,768,241,2304,1448,438,1266,0,3,17,4,1,25,85,40,113,49,1,44,0,138,344,90,0,83,232,31,54,56,52,61,3,14.6,-6.5,21.1,515,176,25.2,83.2,1063,1140,5456,24,152,152,249,97,190,-40.6,33,573,347,-9999,56
43,site43,region43,53.278132,-125.480324,905,-1.1,-3.7,2.2,9,14.6,18.4,23.1,22.9,18.6,10.7,0.3,-2.1,-11,-17.9,-10,-3.5,1.6,3.6,6.2,6.1,2.3,1.2,-8.3,-11,-6.1,-10.8,-3.9,2.7,8.1,11,14.7,14.5,10.4,6,-4,-6.6,42,36,38,24,31,42,45,24,32,79,53,64,-9999,-9999,-9999,-9999,-9999,-9999,-9999,-9999,-9999,-9999,-9999,-9999,206,305,152,24,1,0,0,0,1,7,151,219,1,0,2,20,109,182,298,293,170,71,2,1,746,803,682,459,308,210,109,114,228,375,660,758,0,0,0,0,2,2,7,8,4,1,0,0,1,0,1,5,19,25,30,30,21,18,1,1,33,36,36,10,2,1,0,0,1,3,39,55,0,0,0,52,87,109,129,107,64,26,0,0,0,0,0,28,56,67,84,83,32,0,0,0,59,43,53,57,58,54,50,51,50,68,65,62,-3,8.6,21.5,9.9,-14.1,-4,5.3,-1.6,-8.6,2.3,13.4,4.1,125,93,111,165,-9999,-9999,-9999,-9999,731,177,0,159,1,130,773,243,2307,1448,433,1262,0,3,17,4,1,25,85,41,113,48,1,44,0,139,345,90,0,84,234,32,55,56,52,61,3,14.7,-6.6,21.2,511,174,25.4,84.3,1066,1147,5451,24,152,152,249,97,189,-40.5,33,574,350,-9999,56
44,site44,region44,53.280347,-125.479324,907,-1.2,-3.7,2.1,8.9,14.6,18.4,23.1,22.8,18.6,10.7,0.2,-2.2,-11,-17.9,-10,-3.5,1.6,3.6,6.2,6.1,2.2,1.2,-8.3,-11,-6.1,-10.8,-4,2.7,8.1,11,14.7,14.5,10.4,5.9,-4.1,-6.6,42,36,38,24,31,42,45,24,32,79,53,64,-9999,-9999,-9999,-9999,-9999,-9999,-9999,-9999,-9999,-9999,-9999,-9999,207,306,152,24,1,0,0,0,1,7,152,219,1,0,2,20,108,181,297,293,169,71,2,1,746,803,683,459,308,211,110,114,228,375,661,759,0,0,0,0,2,2,7,8,3,1,0,0,1,0,1,5,19,25,30,30,21,18,1,1,33,35,36,10,2,1,0,0,1,3,39,55,0,0,0,52,87,109,129,107,64,26,0,0,0,0,0,28,56,67,84,83,32,0,0,0,60,43,53,57,58,54,50,51,50,68,65,62,-3.1,8.6,21.5,9.9,-14.1,-4,5.3,-1.6,-8.6,2.3,13.4,4.1,125,93,111,164,-9999,-9999,-9999,-9999,732,177,0,160,1,130,772,242,2308,1450,435,1265,0,3,17,4,1,25,85,40,113,48,1,43,0,139,345,90,0,84,234,32,55,56,52,61,3,14.7,-6.6,21.2,510,174,25.5,84.1,1069,1145,5457,24,152,152,249,97,189,-40.5,33,574,349,-9999,56
45,site45,region45,53.281909,-125.476418,894,-1.1,-3.6,2.1,9,14.7,18.5,23.2,22.9,18.7,10.8,0.3,-2.2,-11,-17.9,-10,-3.5,1.6,3.6,6.2,6.1,2.3,1.2,-8.3,-11,-6.1,-10.8,-4,2.8,8.1,11.1,14.7,14.5,10.5,6,-4,-6.6,42,36,38,23,31,41,45,24,32,78,52,64,-9999,-9999,-9999,-9999,-9999,-9999,-9999,-9999,-9999,-9999,-9999,-9999,207,305,152,24,1,0,0,0,1,7,152,220,1,0,2,21,110,183,299,294,170,72,2,1,747,802,682,458,306,209,108,113,227,374,661,759,0,0,0,0,2,2,7,8,4,1,0,0,1,0,1,5,20,25,30,30,21,18,1,1,33,35,36,9,2,1,0,0,1,3,38,55,0,0,0,52,87,109,130,107,64,26,0,0,0,0,0,29,56,67,84,83,32,0,0,0,59,43,53,57,58,54,50,50,50,68,65,62,-3,8.6,21.5,9.9,-14.1,-4,5.3,-1.6,-8.6,2.3,13.4,4.1,125,92,111,162,-9999,-9999,-9999,-9999,731,177,0,159,1,132,776,244,2308,1446,430,1261,0,3,18,4,1,25,85,41,113,48,1,43,0,139,346,91,0,85,235,32,55,56,52,61,3,14.7,-6.6,21.3,507,174,25.7,84.6,1067,1153,5445,25,153,152,249,97,187,-40.5,33.1,575,351,-9999,56
46,site46,region46,53.308827,-125.707275,900,-1.6,-4.1,2,9.2,14.6,17.7,22.5,22.4,18.2,10.2,0,-2.4,-10.8,-17.5,-9.7,-3.5,1.9,3.8,6.6,6.7,3,1.4,-7.9,-10.4,-6.2,-10.8,-3.8,2.8,8.2,10.8,14.6,14.6,10.6,5.8,-3.9,-6.4,44,33,37,27,26,41,51,25,32,79,57,65,-9999,-9999,-9999,-9999,-9999,-9999,-9999,-9999,-9999,-9999,-9999,-9999,210,305,149,23,1,0,0,0,1,7,150,214,1,0,2,21,112,174,295,296,175,68,2,1,751,803,678,455,303,217,112,111,222,380,658,752,0,0,0,0,2,2,7,9,4,1,0,0,1,0,1,5,20,26,30,30,23,19,2,1,34,32,35,10,2,1,0,0,1,4,41,55,0,0,0,53,86,104,125,104,62,25,0,0,0,0,0,26,60,63,74,78,30,0,0,0,62,46,55,57,59,57,53,53,53,70,67,65,-3.4,8.6,20.9,9.5,-13.7,-3.8,5.7,-1.2,-8.5,2.4,13.3,4.1,129,90,117,168,-9999,-9999,-9999,-9999,729,172,0,158,1,135,766,245,2306,1436,441,1261,0,3,17,4,2,26,86,43,115,47,1,46,0,139,333,87,0,85,216,30,57,57,54,64,3,14.6,-6.4,21,517,176,25.2,82.9,1060,1147,5443,24,157,149,255,105,194,-39.8,32.8,559,331,-9999,58
47,site47,region47,53.316343,-125.703384,881,-1.6,-4.2,2,9.2,14.7,17.8,22.6,22.5,18.3,10.2,0,-2.4,-10.9,-17.5,-9.6,-3.4,1.9,3.9,6.7,6.8,3,1.4,-7.9,-10.4,-6.3,-10.8,-3.8,2.9,8.3,10.9,14.6,14.7,10.7,5.8,-3.9,-6.4,43,33,37,27,26,40,51,25,32,78,56,65,-9999,-9999,-9999,-9999,-9999,-9999,-9999,-9999,-9999,-9999,-9999,-9999,212,306,148,22,1,0,0,0,1,7,150,214,1,0,2,22,115,177,297,298,176,69,2,1,753,803,678,454,300,215,111,110,221,379,658,753,0,0,0,0,2,2,7,9,4,1,0,0,1,0,1,5,20,26,30,30,23,19,2,1,34,32,35,10,2,1,0,0,1,4,40,55,0,0,0,53,87,105,125,104,62,25,0,0,0,0,0,26,60,64,75,79,30,0,0,0,62,46,55,57,59,57,53,53,53,70,68,65,-3.4,8.6,21,9.5,-13.7,-3.7,5.8,-1.1,-8.5,2.5,13.4,4.2,128,90,117,166,-9999,-9999,-9999,-9999,732,172,0,157,1,138,772,247,2309,1432,435,1257,0,3,18,4,2,26,86,43,115,47,1,45,0,139,334,87,0,86,217,30,57,57,54,64,3.1,14.7,-6.4,21,514,175,25.4,83.6,1061,1158,5434,25,158,149,255,106,193,-39.8,32.9,561,333,-9999,58
48,site48,region48,53.316112,-125.700859,887,-1.6,-4.2,2,9.2,14.7,17.8,22.6,22.5,18.3,10.2,0,-2.4,-10.9,-17.5,-9.6,-3.4,1.9,3.9,6.6,6.8,3,1.4,-7.9,-10.4,-6.2,-10.8,-3.8,2.9,8.3,10.9,14.6,14.6,10.6,5.8,-4,-6.4,43,33,37,27,26,40,51,25,32,78,56,65,-9999,-9999,-9999,-9999,-9999,-9999,-9999,-9999,-9999,-9999,-9999,-9999,211,306,149,23,1,0,0,0,1,7,150,214,1,0,2,21,114,177,296,297,175,68,2,1,752,803,679,454,301,215,111,111,222,379,658,753,0,0,0,0,2,2,7,9,4,1,0,0,1,0,1,5,20,26,30,30,23,19,2,1,34,32,35,10,2,1,0,0,1,4,40,55,0,0,0,53,87,104,125,104,62,25,0,0,0,0,0,26,60,64,74,78,30,0,0,0,62,46,55,57,59,57,53,53,53,70,67,65,-3.4,8.6,21,9.5,-13.7,-3.7,5.8,-1.2,-8.5,2.5,13.4,4.2,128,90,117,166,-9999,-9999,-9999,-9999,731,172,0,158,1,137,770,246,2308,1433,437,1259,0,3,18,4,2,26,86,43,115,47,1,45,0,139,334,87,0,86,217,30,57,57,54,64,3,14.6,-6.4,21,513,175,25.4,83.4,1061,1154,5438,25,158,149,255,106,193,-39.8,32.8,560,333,-9999,58
49,site49,region49,53.315109,-125.715721,901,-1.6,-4.2,2,9.2,14.6,17.7,22.5,22.5,18.3,10.2,0,-2.4,-10.8,-17.5,-9.7,-3.5,1.9,3.8,6.6,6.7,3,1.4,-7.8,-10.4,-6.2,-10.8,-3.8,2.9,8.3,10.8,14.6,14.6,10.6,5.8,-3.9,-6.4,44,32,37,27,26,41,51,26,32,79,57,65,-9999,-9999,-9999,-9999,-9999,-9999,-9999,-9999,-9999,-9999,-9999,-9999,210,306,149,23,1,0,0,0,1,7,149,214,1,0,2,21,113,174,295,296,175,68,2,1,751,803,679,455,303,217,112,111,222,380,658,753,0,0,0,0,2,2,7,9,4,1,0,0,1,0,1,5,20,26,30,30,23,19,2,1,34,32,35,11,2,1,0,0,1,4,41,55,0,0,0,53,86,104,125,104,62,25,0,0,0,0,0,26,60,63,74,78,30,0,0,0,62,46,55,56,59,57,53,53,53,70,68,65,-3.4,8.6,20.9,9.5,-13.7,-3.8,5.7,-1.2,-8.5,2.4,13.3,4.2,129,90,117,169,-9999,-9999,-9999,-9999,730,173,0,157,1,136,766,245,2306,1436,441,1260,0,3,17,4,2,26,86,43,116,47,1,46,0,139,333,87,0,85,216,30,57,57,54,64,3,14.6,-6.4,21,518,176,25.2,83,1060,1148,5443,24,157,149,255,106,195,-39.8,32.8,559,331,-9999,58
50,site50,region50,53.316058,-125.723801,917,-1.5,-4.1,2,9.1,14.6,17.6,22.4,22.3,18.1,10.1,0,-2.4,-10.8,-17.5,-9.7,-3.5,1.8,3.8,6.6,6.7,3,1.4,-7.9,-10.4,-6.1,-10.8,-3.8,2.8,8.2,10.7,14.5,14.5,10.6,5.7,-3.9,-6.4,44,32,37,27,26,41,51,26,33,79,57,65,-9999,-9999,-9999,-9999,-9999,-9999,-9999,-9999,-9999,-9999,-9999,-9999,209,305,149,23,1,0,0,0,1,7,149,213,1,0,2,21,111,172,293,294,173,67,2,1,749,802,679,457,304,220,114,113,224,382,658,752,0,0,0,0,2,2,6,8,4,1,0,0,1,0,1,5,20,26,30,30,23,19,2,1,34,32,35,11,2,1,0,0,1,4,41,55,0,0,0,52,86,104,124,103,62,25,0,0,0,0,0,25,60,63,73,78,29,0,0,0,62,46,54,57,59,57,53,53,53,71,68,65,-3.3,8.5,20.8,9.4,-13.6,-3.8,5.7,-1.2,-8.5,2.4,13.2,4.1,129,91,117,169,-9999,-9999,-9999,-9999,727,173,0,157,1,134,759,242,2303,1440,447,1264,0,3,17,4,2,26,86,43,116,47,1,47,0,138,331,87,0,85,214,29,57,57,54,64,3,14.5,-6.4,20.9,518,176,25.1,82.4,1058,1137,5454,24,157,150,255,105,195,-39.8,32.7,556,328,-9999,58
51,site51,region51,53.314702,-125.722153,900,-1.6,-4.1,2,9.1,14.6,17.7,22.5,22.4,18.2,10.1,0,-2.4,-10.8,-17.5,-9.7,-3.5,1.9,3.9,6.6,6.7,3,1.4,-7.9,-10.4,-6.2,-10.8,-3.8,2.8,8.3,10.8,14.6,14.6,10.6,5.8,-3.9,-6.4,44,32,37,27,26,41,51,26,32,79,57,65,-9999,-9999,-9999,-9999,-9999,-9999,-9999,-9999,-9999,-9999,-9999,-9999,210,305,149,23,1,0,0,0,1,7,149,214,1,0,2,21,113,174,295,296,175,68,2,1,751,802,678,455,302,218,112,112,222,380,658,752,0,0,0,0,2,2,7,9,4,1,0,0,1,0,1,5,20,26,30,30,23,19,2,1,34,32,35,11,2,1,0,0,1,4,41,55,0,0,0,53,86,104,125,104,62,25,0,0,0,0,0,25,60,63,74,78,30,0,0,0,62,46,55,57,59,57,53,53,53,71,68,65,-3.4,8.6,20.9,9.5,-13.6,-3.7,5.7,-1.1,-8.5,2.4,13.3,4.2,129,90,117,169,-9999,-9999,-9999,-9999,729,173,0,157,1,136,765,245,2305,1436,442,1260,0,3,17,4,2,26,86,43,116,47,1,46,0,139,332,87,0,85,215,30,57,57,54,64,3,14.6,-6.4,21,517,176,25.2,82.8,1059,1147,5443,24,157,149,255,106,195,-39.8,32.8,558,330,-9999,58
52,site52,region52,53.307702,-125.710098,966,-1.4,-4.1,2,8.9,14.4,17.5,22.3,22,17.9,9.8,0,-2.3,-10.7,-17.5,-9.9,-3.6,1.7,3.7,6.4,6.6,2.9,1.3,-7.9,-10.4,-6.1,-10.8,-3.9,2.6,8.1,10.6,14.3,14.3,10.4,5.6,-3.9,-6.4,44,33,37,27,26,42,51,25,33,80,58,65,-9999,-9999,-9999,-9999,-9999,-9999,-9999,-9999,-9999,-9999,-9999,-9999,207,305,151,25,1,0,0,0,1,8,150,214,1,0,2,20,108,169,289,289,168,64,2,1,747,802,682,462,308,223,118,117,229,387,658,752,0,0,0,0,2,2,6,8,3,1,0,0,1,0,1,5,20,25,30,30,22,19,2,1,34,32,35,11,2,1,0,0,1,4,42,55,0,0,0,52,86,103,124,102,61,24,0,0,0,0,0,25,59,61,73,77,28,0,0,0,62,46,54,57,59,57,53,54,54,71,67,64,-3.3,8.5,20.6,9.2,-13.6,-4,5.6,-1.2,-8.5,2.3,13.1,4,129,91,118,170,-9999,-9999,-9999,-9999,726,177,0,158,1,129,747,235,2302,1452,458,1274,0,3,15,4,2,25,86,43,115,49,1,48,0,137,329,85,0,84,211,28,57,56,54,64,2.9,14.3,-6.4,20.7,521,177,24.8,80.9,1062,1112,5486,22,155,151,254,104,197,-39.9,32.3,552,323,-9999,58
53,site53,region53,53.222282,-125.518265,954,-1.3,-4,2,8.8,14.3,18,22.7,22.4,18.3,10.4,0.1,-2.2,-10.9,-17.8,-10.3,-3.7,1.3,3.3,5.9,5.9,2.1,1,-8.4,-11,-6.1,-10.9,-4.1,2.6,7.8,10.7,14.3,14.2,10.2,5.7,-4.1,-6.6,43,36,39,25,31,41,45,23,32,81,55,65,-9999,-9999,-9999,-9999,-9999,-9999,-9999,-9999,-9999,-9999,-9999,-9999,207,308,156,25,1,0,0,0,1,7,154,220,1,0,1,19,100,171,288,285,162,67,2,1,747,805,688,463,318,221,119,120,235,383,664,759,0,0,0,0,2,2,6,7,3,1,0,0,1,0,1,5,18,25,30,30,20,18,1,1,33,36,37,11,3,1,0,0,2,4,41,56,0,0,0,52,85,107,128,105,63,26,0,0,0,0,0,27,54,66,83,82,31,0,0,0,60,44,52,57,58,54,50,51,51,69,65,62,-3.2,8.4,21.1,9.6,-14,-4.2,5,-1.7,-8.6,2.1,13,3.9,128,95,109,169,-9999,-9999,-9999,-9999,734,183,0,162,1,121,743,231,2311,1468,461,1281,0,2,15,4,1,24,84,40,115,50,1,46,0,137,340,89,0,81,231,31,55,56,52,61,2.8,14.3,-6.6,20.9,517,172,24.7,83,1080,1097,5521,21,149,154,248,93,195,-40.5,32.6,566,343,-9999,56
54,site54,region54,53.226133,-125.514305,950,-1.3,-4,2,8.8,14.3,18.1,22.8,22.5,18.3,10.4,0.1,-2.2,-10.9,-17.8,-10.2,-3.6,1.3,3.3,5.9,6,2.1,1.1,-8.3,-10.9,-6.1,-10.9,-4.1,2.6,7.8,10.7,14.3,14.2,10.2,5.7,-4.1,-6.6,43,36,39,25,31,41,44,23,32,81,55,65,-9999,-9999,-9999,-9999,-9999,-9999,-9999,-9999,-9999,-9999,-9999,-9999,207,308,157,25,1,0,0,0,1,7,154,219,1,0,1,19,101,172,289,286,163,67,2,1,747,806,688,463,317,220,118,120,234,382,663,758,0,0,0,0,2,2,6,7,3,1,0,0,1,0,1,5,18,25,30,30,20,18,1,1,33,36,37,11,3,1,0,0,2,4,40,56,0,0,0,52,85,107,128,105,63,26,0,0,0,0,0,27,54,66,83,82,31,0,0,0,60,44,53,57,58,54,50,51,51,69,65,62,-3.2,8.4,21.1,9.6,-14,-4.2,5.1,-1.7,-8.6,2.1,13.1,3.9,127,95,109,168,-9999,-9999,-9999,-9999,734,183,0,162,1,122,746,232,2311,1467,458,1280,0,2,15,4,1,24,84,40,114,50,1,46,0,137,340,89,0,81,231,31,55,56,52,62,2.8,14.3,-6.6,20.9,516,172,24.8,83.2,1080,1101,5516,21,150,154,248,94,194,-40.5,32.6,566,343,-9999,56
55,site55,region55,53.224853,-125.516556,942,-1.3,-4,2,8.8,14.3,18.1,22.8,22.5,18.3,10.4,0.1,-2.2,-10.9,-17.8,-10.2,-3.6,1.3,3.3,5.9,6,2.2,1.1,-8.3,-10.9,-6.1,-10.9,-4.1,2.6,7.8,10.7,14.4,14.2,10.2,5.7,-4.1,-6.6,43,36,39,25,31,41,44,23,32,81,55,65,-9999,-9999,-9999,-9999,-9999,-9999,-9999,-9999,-9999,-9999,-9999,-9999,208,308,157,25,1,0,0,0,1,7,154,219,1,0,1,20,102,172,289,287,164,67,2,1,748,806,688,462,316,219,118,119,234,381,663,758,0,0,0,0,2,2,6,7,3,1,0,0,1,0,1,5,19,25,30,30,20,18,1,1,33,36,37,11,3,1,0,0,2,4,41,56,0,0,0,52,86,107,128,105,63,26,0,0,0,0,0,27,54,66,84,82,31,0,0,0,60,44,53,57,58,54,50,51,51,69,65,62,-3.2,8.4,21.1,9.6,-14,-4.2,5.1,-1.7,-8.6,2.1,13.1,4,127,95,108,168,-9999,-9999,-9999,-9999,735,183,0,162,1,123,748,233,2312,1466,456,1278,0,2,15,4,1,24,84,40,114,50,1,46,0,137,341,89,0,81,232,31,56,56,52,62,2.8,14.4,-6.6,20.9,516,172,24.9,83.5,1080,1105,5512,21,150,154,248,94,194,-40.5,32.7,567,344,-9999,56
56,site56,region56,53.21369,-125.529114,947,-1.3,-4,2,8.8,14.3,18.1,22.8,22.5,18.3,10.4,0.1,-2.2,-10.9,-17.8,-10.2,-3.6,1.3,3.3,5.9,5.9,2.1,1.1,-8.3,-11,-6.1,-10.9,-4.1,2.6,7.8,10.7,14.3,14.2,10.2,5.7,-4.1,-6.6,43,37,39,25,31,41,45,23,32,82,55,65,-9999,-9999,-9999,-9999,-9999,-9999,-9999,-9999,-9999,-9999,-9999,-9999,208,308,156,25,1,0,0,0,1,7,154,220,1,0,1,19,101,171,288,285,163,67,2,1,748,805,687,463,316,220,119,120,234,382,663,759,0,0,0,0,2,2,6,7,3,1,0,0,1,0,1,5,18,25,30,30,20,18,1,1,34,37,37,11,3,1,0,0,2,4,41,56,0,0,0,52,86,107,128,105,63,26,0,0,0,0,0,27,55,66,83,82,31,0,0,0,60,44,53,57,58,54,50,51,51,69,65,62,-3.2,8.4,21.1,9.6,-14,-4.2,5,-1.7,-8.6,2.1,13.1,3.9,129,95,109,170,-9999,-9999,-9999,-9999,736,182,0,162,1,122,745,232,2312,1466,459,1279,0,2,15,4,1,24,84,40,116,50,1,46,0,137,341,89,0,81,232,31,55,56,52,61,2.8,14.3,-6.6,20.9,520,173,24.6,82.9,1080,1101,5517,21,149,154,248,94,196,-40.5,32.7,567,344,-9999,56
57,site57,region57,53.213192,-125.532211,954,-1.3,-4,2.1,8.8,14.3,18.1,22.7,22.5,18.3,10.4,0.1,-2.2,-10.9,-17.8,-10.2,-3.7,1.3,3.2,5.8,5.9,2.1,1,-8.4,-11,-6.1,-10.9,-4.1,2.6,7.8,10.6,14.3,14.2,10.2,5.7,-4.1,-6.6,43,37,39,25,31,41,45,23,32,82,56,65,-9999,-9999,-9999,-9999,-9999,-9999,-9999,-9999,-9999,-9999,-9999,-9999,207,308,156,25,1,0,0,0,1,7,154,220,1,0,1,19,101,170,287,284,162,67,2,1,747,805,687,463,317,221,120,121,235,383,664,759,0,0,0,0,2,2,6,7,3,1,0,0,1,0,1,5,18,24,30,30,20,18,1,1,34,37,37,11,3,1,0,0,2,4,41,56,0,0,0,52,86,107,128,105,63,26,0,0,0,0,0,27,54,66,83,82,31,0,0,0,60,44,52,57,58,54,50,51,50,69,65,62,-3.2,8.4,21.1,9.6,-14,-4.2,5,-1.8,-8.6,2.1,13,3.9,129,95,109,170,-9999,-9999,-9999,-9999,735,182,0,162,1,121,742,231,2311,1467,462,1281,0,2,15,4,1,24,84,40,116,50,1,47,0,137,340,89,0,81,231,31,55,56,52,61,2.8,14.3,-6.6,20.9,520,173,24.6,82.8,1080,1096,5522,21,149,154,248,93,197,-40.6,32.6,567,343,-9999,56
58,site58,region58,53.212755,-125.525688,964,-1.3,-4,2.1,8.8,14.2,18,22.7,22.4,18.3,10.3,0.1,-2.2,-10.9,-17.8,-10.3,-3.7,1.2,3.2,5.8,5.8,2,1,-8.4,-11,-6.1,-10.9,-4.1,2.5,7.7,10.6,14.2,14.1,10.2,5.7,-4.2,-6.6,43,37,39,25,31,42,45,23,32,82,55,65,-9999,-9999,-9999,-9999,-9999,-9999,-9999,-9999,-9999,-9999,-9999,-9999,207,308,156,25,1,0,0,0,1,8,155,221,1,0,1,19,99,169,286,283,161,66,2,1,747,806,687,464,319,223,121,122,236,384,665,760,0,0,0,0,2,2,6,7,3,1,0,0,1,0,1,5,18,24,30,30,20,18,1,1,34,37,37,11,3,1,0,0,2,4,41,56,0,0,0,52,85,107,128,105,63,26,0,0,0,0,0,27,54,66,83,82,31,0,0,0,60,44,52,57,58,54,50,51,50,69,65,61,-3.2,8.4,21,9.6,-14,-4.3,4.9,-1.8,-8.6,2.1,13,3.9,129,95,110,170,-9999,-9999,-9999,-9999,736,183,0,163,1,120,738,229,2312,1470,465,1285,0,2,14,4,1,24,84,39,116,51,1,47,0,137,340,89,0,81,231,31,55,56,52,61,2.8,14.2,-6.6,20.9,520,173,24.5,82.3,1082,1089,5532,20,148,155,247,93,197,-40.6,32.6,566,342,-9999,56
59,site59,region59,53.209107,-125.547127,954,-1.3,-4,2.1,8.8,14.3,18,22.7,22.4,18.3,10.3,0.2,-2.1,-10.9,-17.8,-10.2,-3.7,1.3,3.3,5.8,5.9,2.1,1,-8.4,-10.9,-6.1,-10.9,-4.1,2.6,7.8,10.6,14.3,14.2,10.2,5.7,-4.1,-6.5,43,37,40,25,31,41,46,23,32,82,56,65,-9999,-9999,-9999,-9999,-9999,-9999,-9999,-9999,-9999,-9999,-9999,-9999,207,307,155,25,1,0,0,0,1,7,154,218,1,0,1,19,100,170,287,285,162,67,2,1,747,804,686,464,317,221,119,121,235,383,663,757,0,0,0,0,2,2,6,7,3,1,0,0,1,0,1,5,18,25,30,30,20,18,1,1,34,36,38,11,3,1,0,0,2,4,41,56,0,0,0,52,85,107,128,105,63,26,0,0,0,0,0,27,54,66,82,82,31,0,0,0,60,44,52,57,58,54,50,51,51,69,65,62,-3.2,8.4,21.1,9.6,-14,-4.2,5,-1.7,-8.6,2.1,13,3.9,129,96,110,170,-9999,-9999,-9999,-9999,732,182,0,162,1,121,742,231,2308,1467,461,1281,0,2,15,4,1,24,84,40,116,51,1,47,0,137,340,89,0,81,231,31,55,56,52,61,2.8,14.3,-6.5,20.8,522,173,24.6,82.6,1075,1096,5517,21,149,154,248,94,198,-40.5,32.6,566,342,-9999,56
60,site60,region60,53.208552,-125.550346,962,-1.2,-4,2.1,8.7,14.2,18,22.7,22.4,18.2,10.3,0.2,-2.1,-10.9,-17.8,-10.3,-3.7,1.2,3.2,5.8,5.8,2.1,1,-8.4,-10.9,-6.1,-10.9,-4.1,2.5,7.7,10.6,14.3,14.1,10.2,5.7,-4.1,-6.5,43,37,40,25,31,41,46,23,32,82,56,65,-9999,-9999,-9999,-9999,-9999,-9999,-9999,-9999,-9999,-9999,-9999,-9999,207,307,155,25,1,0,0,0,1,8,154,218,1,0,1,19,100,169,286,283,162,66,2,1,746,805,686,464,318,222,120,121,236,384,664,757,0,0,0,0,2,2,6,7,3,1,0,0,1,0,1,5,18,24,30,30,20,18,1,1,34,36,38,11,3,1,0,0,2,4,41,56,0,0,0,52,85,107,128,105,63,26,0,0,0,0,0,26,54,66,82,82,31,0,0,0,60,44,52,57,58,54,50,51,51,69,65,61,-3.1,8.4,21,9.6,-14,-4.2,5,-1.8,-8.6,2.1,13,3.9,129,96,110,170,-9999,-9999,-9999,-9999,732,182,0,163,1,120,739,230,2308,1469,464,1283,0,2,14,4,1,24,84,39,116,52,1,47,0,137,340,89,0,81,230,31,55,56,52,61,2.8,14.3,-6.5,20.8,522,173,24.5,82.3,1076,1091,5524,20,149,155,248,93,198,-40.5,32.6,566,341,-9999,56
61,site61,region61,53.223473,-125.515518,928,-1.3,-4,1.9,8.9,14.4,18.1,22.8,22.5,18.4,10.4,0.1,-2.3,-10.9,-17.8,-10.1,-3.6,1.4,3.4,6,6.1,2.2,1.2,-8.2,-10.9,-6.1,-10.9,-4.1,2.7,7.9,10.8,14.4,14.3,10.3,5.8,-4.1,-6.6,43,36,39,25,31,41,44,23,32,81,55,65,-9999,-9999,-9999,-9999,-9999,-9999,-9999,-9999,-9999,-9999,-9999,-9999,209,308,156,24,1,0,0,0,1,7,153,219,1,0,1,20,103,174,291,288,165,68,2,1,749,805,687,461,314,218,116,118,232,380,662,758,0,0,0,0,2,2,6,8,3,1,0,0,1,0,1,5,19,25,30,30,21,18,1,1,33,36,37,10,3,1,0,0,1,4,40,56,0,0,0,52,86,107,128,105,63,26,0,0,0,0,0,27,55,67,84,82,31,0,0,0,60,44,53,57,58,54,50,51,51,69,66,62,-3.2,8.4,21.2,9.6,-14,-4.1,5.2,-1.6,-8.6,2.1,13.2,4,127,95,108,168,-9999,-9999,-9999,-9999,735,182,0,160,1,124,754,235,2312,1462,451,1274,0,2,16,4,1,24,85,40,115,50,1,46,0,138,341,89,0,82,233,31,56,56,52,62,2.9,14.4,-6.6,21,516,172,24.9,84.1,1078,1114,5500,22,151,153,249,95,194,-40.4,32.7,568,345,-9999,57
62,site62,region62,53.207347,-125.556221,939,-1.3,-4,2,8.8,14.3,18.1,22.8,22.5,18.3,10.4,0.1,-2.2,-10.9,-17.8,-10.2,-3.6,1.3,3.3,5.9,6,2.2,1.1,-8.3,-10.8,-6.1,-10.9,-4.1,2.6,7.8,10.7,14.4,14.2,10.3,5.7,-4.1,-6.5,43,37,40,26,30,40,46,23,32,82,56,65,-9999,-9999,-9999,-9999,-9999,-9999,-9999,-9999,-9999,-9999,-9999,-9999,208,308,156,25,1,0,0,0,1,7,153,217,1,0,1,20,102,172,289,287,164,68,2,1,748,805,687,462,315,219,118,119,233,381,662,756,0,0,0,0,2,2,6,7,3,1,0,0,1,0,1,5,19,25,30,30,21,18,1,1,33,36,38,11,3,1,0,0,1,4,41,56,0,0,0,52,86,107,128,105,63,26,0,0,0,0,0,26,55,67,82,82,31,0,0,0,60,44,53,57,58,54,50,51,51,69,65,62,-3.2,8.4,21.1,9.6,-14,-4.1,5.1,-1.7,-8.6,2.1,13.1,4,128,96,109,170,-9999,-9999,-9999,-9999,733,182,0,161,1,123,748,234,2310,1464,456,1276,0,2,15,4,1,24,84,40,116,52,1,47,0,137,341,89,0,81,232,31,56,56,52,62,2.8,14.4,-6.5,20.9,520,171,24.7,83.8,1076,1106,5507,21,150,154,249,95,197,-40.3,32.7,567,344,-9999,56
63,site63,region63,53.206586,-125.55188,970,-1.2,-4,2.1,8.7,14.2,18,22.7,22.4,18.2,10.3,0.1,-2.1,-10.9,-17.8,-10.3,-3.7,1.2,3.2,5.8,5.8,2,0.9,-8.5,-11,-6.1,-10.9,-4.1,2.5,7.7,10.6,14.2,14.1,10.1,5.6,-4.2,-6.5,43,37,40,25,31,41,45,23,32,82,56,65,-9999,-9999,-9999,-9999,-9999,-9999,-9999,-9999,-9999,-9999,-9999,-9999,206,307,156,26,1,0,0,0,1,8,155,218,1,0,1,19,99,168,285,282,161,66,2,1,746,805,687,465,319,223,121,122,237,385,665,757,0,0,0,0,2,2,6,7,3,1,0,0,1,0,1,5,18,24,30,30,20,18,1,1,33,36,38,11,3,1,0,0,2,4,41,56,0,0,0,52,85,107,128,105,63,26,0,0,0,0,0,26,54,66,82,82,31,0,0,0,60,44,52,57,58,54,50,51,50,69,65,61,-3.1,8.4,21,9.6,-14,-4.3,4.9,-1.8,-8.6,2,13,3.9,129,96,110,170,-9999,-9999,-9999,-9999,732,183,0,163,1,119,736,228,2308,1471,467,1286,0,2,14,4,1,23,84,39,116,52,1,47,0,137,340,89,0,81,230,31,55,56,52,61,2.8,14.2,-6.5,20.8,521,173,24.5,82.3,1078,1085,5532,20,148,155,247,93,198,-40.6,32.6,565,342,-9999,56
64,site64,region64,53.207611,-125.545181,1045,-1.1,-4.2,2.3,8.5,13.9,17.7,22.4,22.1,18,10.1,0.2,-1.9,-10.7,-17.7,-10.6,-4,0.9,2.8,5.4,5.4,1.7,0.6,-8.9,-11.3,-5.9,-10.9,-4.1,2.3,7.4,10.2,13.9,13.7,9.8,5.3,-4.4,-6.6,43,37,39,25,31,42,45,23,32,82,56,65,-9999,-9999,-9999,-9999,-9999,-9999,-9999,-9999,-9999,-9999,-9999,-9999,203,309,157,28,2,0,0,0,1,9,160,220,1,0,1,17,92,159,276,272,152,61,2,1,742,807,688,472,328,233,130,134,245,394,671,759,0,0,0,0,2,1,5,6,3,1,0,0,1,0,0,4,17,23,30,29,19,16,1,1,33,37,38,12,3,1,0,0,2,5,42,56,0,0,0,51,84,106,127,104,63,26,0,0,0,0,0,26,53,64,81,81,30,0,0,0,60,45,50,56,58,54,50,50,50,68,63,59,-3.1,8.3,20.7,9.4,-14.1,-4.6,4.5,-2.2,-8.6,1.9,12.6,3.6,129,96,111,170,-9999,-9999,-9999,-9999,732,186,0,170,1,111,707,215,2308,1488,497,1310,0,2,12,3,1,22,82,37,116,53,2,49,0,135,337,89,0,79,226,30,55,55,51,60,2.6,13.9,-6.6,20.5,523,175,24,79.4,1088,1034,5604,17,142,157,244,87,201,-41,32.3,561,335,-9999,55
65,site65,region65,53.207152,-125.549362,1050,-1.1,-4.2,2.4,8.5,13.9,17.6,22.4,22.1,18,10.1,0.2,-1.9,-10.7,-17.7,-10.6,-4,0.9,2.8,5.3,5.4,1.7,0.5,-9,-11.3,-5.9,-11,-4.1,2.3,7.4,10.2,13.9,13.7,9.8,5.3,-4.4,-6.6,43,37,40,25,31,42,45,23,32,82,56,65,-9999,-9999,-9999,-9999,-9999,-9999,-9999,-9999,-9999,-9999,-9999,-9999,202,309,157,28,2,0,0,0,1,9,161,220,1,0,1,17,91,158,275,271,152,61,2,1,742,807,688,473,329,234,130,135,246,394,671,759,0,0,0,0,2,1,5,6,3,1,0,0,1,0,0,4,17,23,30,29,19,16,1,1,33,36,38,12,3,1,0,0,2,5,42,56,0,0,0,51,84,106,126,104,63,26,0,0,0,0,0,26,53,63,81,81,30,0,0,0,60,45,50,56,58,54,50,50,50,68,63,59,-3.1,8.3,20.7,9.4,-14.1,-4.6,4.5,-2.3,-8.6,1.8,12.6,3.6,129,97,111,170,-9999,-9999,-9999,-9999,732,186,0,170,1,110,705,214,2307,1490,499,1312,0,2,12,3,1,22,82,37,116,53,2,49,0,135,336,89,0,79,225,30,55,55,51,60,2.6,13.9,-6.6,20.5,523,175,24,79.1,1088,1030,5608,17,142,157,244,87,201,-41,32.3,560,334,-9999,55
66,site66,region66,53.206691,-125.547005,1023,-1.1,-4.1,2.3,8.6,14,17.8,22.5,22.2,18.1,10.2,0.2,-2,-10.8,-17.7,-10.5,-3.9,1,2.9,5.5,5.5,1.8,0.7,-8.8,-11.2,-6,-10.9,-4.1,2.3,7.5,10.3,14,13.8,9.9,5.4,-4.3,-6.6,43,37,40,25,31,42,45,23,32,82,56,65,-9999,-9999,-9999,-9999,-9999,-9999,-9999,-9999,-9999,-9999,-9999,-9999,204,309,156,27,1,0,0,0,1,8,159,220,1,0,1,18,94,161,279,275,155,62,2,1,743,806,688,470,326,230,127,131,243,391,669,759,0,0,0,0,2,1,5,6,3,1,0,0,1,0,0,4,18,24,30,29,19,17,1,1,33,36,38,12,3,1,0,0,2,5,42,56,0,0,0,51,85,106,127,105,63,26,0,0,0,0,0,26,53,64,82,81,30,0,0,0,60,45,51,56,58,54,50,51,50,68,63,60,-3.1,8.3,20.8,9.5,-14,-4.5,4.6,-2.1,-8.6,1.9,12.7,3.7,129,96,110,170,-9999,-9999,-9999,-9999,732,185,0,168,1,113,715,219,2308,1483,488,1303,0,2,12,3,1,22,83,37,116,52,2,48,0,136,338,89,0,79,227,30,55,55,51,61,2.6,14,-6.6,20.6,522,174,24.2,80.2,1085,1049,5582,18,144,156,245,89,200,-40.9,32.4,562,337,-9999,56
67,site67,region67,53.278832,-126.107193,1044,-2.2,-5.4,1,8.4,13.9,17,21.6,21.5,17.3,9.3,-0.6,-2.6,-10.3,-16.8,-9.8,-3.8,1.4,3.4,6.2,6.5,3.1,1.4,-7.8,-10,-6.2,-11.1,-4.4,2.3,7.7,10.2,13.9,14,10.2,5.3,-4.2,-6.3,50,43,48,37,30,35,51,25,32,104,78,72,-9999,-9999,-9999,-9999,-9999,-9999,-9999,-9999,-9999,-9999,-9999,-9999,211,313,164,28,1,0,0,0,1,9,156,212,1,0,1,17,98,157,278,280,163,61,2,1,751,811,696,472,321,235,128,124,235,394,666,750,0,0,0,0,2,1,5,7,3,1,0,0,1,0,1,5,19,25,30,30,23,19,2,1,39,43,46,18,3,1,0,0,2,6,58,61,0,0,0,50,83,101,121,100,59,23,0,0,0,0,0,13,54,66,70,75,27,0,0,0,66,52,57,57,60,58,54,55,56,73,70,67,-4.1,7.8,20,8.6,-13.1,-4.1,5.4,-1.1,-8.6,1.8,12.7,3.8,151,115,110,214,-9999,-9999,-9999,-9999,735,193,0,165,1,116,715,225,2312,1489,487,1295,0,2,13,4,2,24,85,43,136,67,2,66,0,134,321,82,0,67,211,27,62,58,55,66,2.6,14,-6.3,20.3,605,173,20.8,81.2,1094,1058,5583,19,154,152,256,104,249,-39.2,31.9,537,304,-9999,61
68,site68,region68,53.277665,-126.110214,1050,-2.1,-5.4,1,8.3,13.9,16.9,21.6,21.5,17.3,9.2,-0.7,-2.7,-10.3,-16.8,-9.8,-3.9,1.4,3.4,6.2,6.5,3.1,1.4,-7.8,-10,-6.2,-11.1,-4.4,2.2,7.6,10.2,13.9,14,10.2,5.3,-4.2,-6.3,50,44,48,37,30,35,51,25,33,105,78,72,-9999,-9999,-9999,-9999,-9999,-9999,-9999,-9999,-9999,-9999,-9999,-9999,210,313,164,28,1,0,0,0,1,9,157,212,1,0,1,17,97,156,277,280,162,60,2,1,750,811,697,473,322,236,129,126,235,395,667,751,0,0,0,0,2,1,5,7,3,1,0,0,1,0,1,5,19,25,30,30,23,19,2,1,39,43,46,18,3,1,0,0,2,7,58,61,0,0,0,50,83,101,120,99,59,23,0,0,0,0,0,13,53,66,70,74,26,0,0,0,66,52,57,57,60,58,54,55,56,73,70,68,-4.1,7.7,20,8.6,-13.1,-4.1,5.4,-1.1,-8.6,1.8,12.7,3.7,152,116,111,215,-9999,-9999,-9999,-9999,736,194,0,166,1,116,712,224,2312,1491,491,1297,0,2,13,4,2,24,85,43,137,67,2,66,0,133,321,82,0,66,210,26,62,58,55,66,2.6,14,-6.3,20.3,608,174,20.7,80.5,1096,1054,5591,19,154,153,256,104,250,-39.2,31.9,536,302,-9999,61
69,site69,region69,53.275413,-126.099686,1057,-2.2,-5.5,0.9,8.3,13.8,16.9,21.6,21.4,17.2,9.2,-0.6,-2.6,-10.3,-16.8,-9.7,-3.8,1.4,3.4,6.2,6.5,3.1,1.4,-7.8,-9.9,-6.2,-11.1,-4.4,2.2,7.6,10.1,13.9,14,10.2,5.3,-4.2,-6.3,50,44,49,38,30,35,50,25,32,105,79,73,-9999,-9999,-9999,-9999,-9999,-9999,-9999,-9999,-9999,-9999,-9999,-9999,211,315,164,28,1,0,0,0,1,9,156,210,1,0,1,17,97,156,276,279,162,60,2,1,751,812,696,474,322,237,129,126,236,396,666,748,0,0,0,0,2,1,5,6,3,1,0,0,1,0,1,5,19,25,30,30,23,19,2,1,39,43,47,18,3,1,0,0,2,7,59,62,0,0,0,50,83,100,120,99,59,23,0,0,0,0,0,12,53,66,70,74,27,0,0,0,66,52,58,58,60,58,54,55,56,73,70,67,-4.1,7.7,20,8.6,-13.1,-4.1,5.4,-1.1,-8.6,1.8,12.7,3.7,153,116,110,217,-9999,-9999,-9999,-9999,736,194,0,166,1,115,711,224,2312,1492,492,1298,0,2,12,4,2,24,85,43,138,67,2,67,0,133,320,82,0,66,210,27,62,58,56,66,2.6,14,-6.3,20.2,609,172,20.7,81.2,1096,1051,5594,18,154,153,256,104,252,-39.2,31.8,535,302,-9999,61
70,site70,region70,53.276069,-126.098213,978,-1.9,-4.9,1.5,8.7,14.2,17.3,22,21.9,17.7,9.7,-0.4,-2.6,-10.5,-17,-9.7,-3.7,1.5,3.5,6.4,6.5,3.1,1.4,-7.6,-10,-6.2,-10.9,-4.1,2.5,7.9,10.4,14.2,14.2,10.4,5.5,-4,-6.3,46,40,44,34,28,35,48,24,31,95,71,66,-9999,-9999,-9999,-9999,-9999,-9999,-9999,-9999,-9999,-9999,-9999,-9999,210,308,156,26,1,0,0,0,1,8,151,211,1,0,1,19,103,163,285,287,168,64,2,1,751,806,688,465,315,229,122,119,229,387,660,749,0,0,0,0,2,1,5,7,3,1,0,0,1,0,1,5,19,25,30,30,23,19,2,1,36,39,42,15,2,1,0,0,1,5,52,56,0,0,0,51,85,102,123,102,60,24,0,0,0,0,0,17,56,68,74,77,30,0,0,0,64,50,56,57,59,57,53,54,55,72,70,67,-3.8,8.1,20.4,9,-13.3,-4,5.5,-1,-8.5,2.1,12.9,4,139,106,107,198,-9999,-9999,-9999,-9999,730,183,0,159,1,123,734,234,2306,1468,470,1276,0,2,14,4,2,25,85,44,126,59,1,58,0,136,327,84,0,74,219,30,60,57,55,66,2.8,14.2,-6.3,20.5,563,166,22.7,85.8,1073,1093,5520,21,156,152,256,104,225,-39.3,32.3,547,323,-9999,60
71,site71,region71,53.276222,-126.104141,987,-1.9,-4.9,1.4,8.7,14.1,17.2,22,21.9,17.6,9.6,-0.4,-2.6,-10.4,-17,-9.7,-3.7,1.5,3.5,6.3,6.5,3.1,1.4,-7.6,-10,-6.2,-10.9,-4.2,2.5,7.8,10.4,14.1,14.2,10.4,5.5,-4,-6.3,47,40,45,35,28,35,49,24,31,97,72,67,-9999,-9999,-9999,-9999,-9999,-9999,-9999,-9999,-9999,-9999,-9999,-9999,210,309,157,26,1,0,0,0,1,8,152,212,1,0,1,19,102,162,284,286,167,64,2,1,750,806,689,466,316,230,123,120,230,388,660,750,0,0,0,0,2,1,5,7,3,1,0,0,1,0,1,5,19,25,30,30,23,19,2,1,37,40,42,15,2,1,0,0,1,5,53,56,0,0,0,51,84,102,122,101,60,24,0,0,0,0,0,17,56,67,73,77,29,0,0,0,64,50,56,57,59,57,53,54,55,72,70,67,-3.8,8.1,20.4,8.9,-13.2,-4,5.5,-1,-8.5,2,12.9,4,141,107,108,200,-9999,-9999,-9999,-9999,730,185,0,160,1,122,732,233,2307,1471,473,1279,0,2,14,4,2,25,85,44,127,60,1,59,0,136,326,84,0,73,218,29,61,57,55,66,2.8,14.2,-6.3,20.5,569,167,22.4,84.9,1076,1088,5529,20,155,152,256,104,228,-39.3,32.3,546,320,-9999,60
72,site72,region72,53.275861,-126.114433,928,-1.8,-4.4,1.8,9,14.4,17.5,22.3,22.3,18,9.9,-0.2,-2.6,-10.6,-17.1,-9.7,-3.6,1.6,3.6,6.4,6.6,3.1,1.5,-7.5,-10.1,-6.2,-10.8,-3.9,2.7,8,10.6,14.4,14.4,10.5,5.7,-3.8,-6.3,45,37,42,32,27,35,48,24,30,91,68,63,-9999,-9999,-9999,-9999,-9999,-9999,-9999,-9999,-9999,-9999,-9999,-9999,210,304,152,24,1,0,0,0,1,7,147,212,1,0,2,20,106,168,290,292,172,67,2,1,750,802,682,460,310,224,118,115,225,382,655,750,0,0,0,0,2,2,6,8,4,1,0,0,1,0,1,5,19,25,30,30,23,19,2,1,35,37,39,13,2,1,0,0,1,5,49,53,0,0,0,52,86,104,124,103,61,25,0,0,0,0,0,20,59,69,76,79,32,0,0,0,63,48,55,57,59,57,53,53,54,71,70,67,-3.6,8.4,20.7,9.3,-13.4,-3.9,5.5,-1,-8.5,2.2,13.1,4.1,133,100,106,189,-9999,-9999,-9999,-9999,726,177,0,155,1,128,749,241,2302,1452,457,1262,0,3,16,4,2,25,86,44,119,54,1,54,0,138,331,86,0,79,224,32,59,57,54,65,2.9,14.4,-6.3,20.7,540,163,23.9,88.4,1059,1119,5474,22,156,152,256,104,211,-39.4,32.7,554,335,-9999,59
73,site73,region73,53.27152,-126.136147,914,-1.8,-4.3,2,9,14.5,17.6,22.4,22.4,18.1,10,-0.2,-2.6,-10.7,-17.2,-9.7,-3.6,1.6,3.6,6.5,6.6,3.1,1.5,-7.5,-10.1,-6.2,-10.8,-3.8,2.7,8,10.6,14.4,14.5,10.6,5.8,-3.8,-6.3,45,37,41,31,27,34,47,24,29,88,66,61,-9999,-9999,-9999,-9999,-9999,-9999,-9999,-9999,-9999,-9999,-9999,-9999,211,304,149,24,1,0,0,0,1,7,147,212,1,0,2,20,107,169,291,293,173,68,2,1,752,801,679,458,309,222,116,114,224,380,655,751,0,0,0,0,2,2,6,8,4,1,0,0,1,0,1,5,20,25,30,30,23,19,2,1,35,37,38,13,2,1,0,0,1,4,47,52,0,0,0,52,86,104,124,104,62,25,0,0,0,0,0,21,59,70,77,80,33,0,0,0,63,47,55,56,59,57,53,53,54,71,70,67,-3.6,8.5,20.8,9.3,-13.4,-3.9,5.6,-1,-8.5,2.3,13.2,4.2,131,98,105,183,-9999,-9999,-9999,-9999,728,174,0,155,1,129,754,243,2304,1446,452,1259,0,3,16,4,2,25,86,44,118,53,1,53,0,138,332,86,0,81,227,33,59,57,54,65,3,14.5,-6.3,20.8,530,161,24.5,90.1,1057,1128,5462,23,157,152,256,104,207,-39.4,32.8,556,340,-9999,59
74,site74,region74,53.26978,-126.135223,916,-1.8,-4.3,2,9,14.5,17.6,22.4,22.4,18.1,10,-0.2,-2.6,-10.7,-17.2,-9.7,-3.6,1.6,3.6,6.5,6.6,3.1,1.5,-7.5,-10.1,-6.2,-10.8,-3.9,2.7,8,10.6,14.4,14.5,10.6,5.8,-3.8,-6.3,45,37,41,31,27,34,47,24,29,88,66,61,-9999,-9999,-9999,-9999,-9999,-9999,-9999,-9999,-9999,-9999,-9999,-9999,211,304,149,24,1,0,0,0,1,7,147,212,1,0,2,20,107,169,291,293,173,68,2,1,752,801,679,459,309,223,116,114,224,381,655,751,0,0,0,0,2,2,6,8,4,1,0,0,1,0,1,5,20,25,30,30,23,19,2,1,35,37,38,13,2,1,0,0,1,4,47,52,0,0,0,52,86,104,124,104,62,25,0,0,0,0,0,21,59,70,77,80,33,0,0,0,63,47,55,56,59,57,53,53,54,71,70,67,-3.6,8.5,20.8,9.3,-13.4,-3.9,5.6,-1,-8.5,2.3,13.2,4.2,131,98,105,183,-9999,-9999,-9999,-9999,727,174,0,155,1,129,753,243,2304,1447,453,1260,0,3,16,4,2,25,86,44,118,53,1,53,0,138,332,86,0,80,227,33,59,57,54,65,3,14.5,-6.3,20.8,530,161,24.5,90,1057,1127,5463,23,157,152,256,104,207,-39.4,32.8,556,340,-9999,59
75,site75,region75,53.271309,-126.132614,901,-1.7,-4.2,2,9.1,14.5,17.7,22.4,22.5,18.2,10.1,-0.2,-2.6,-10.8,-17.3,-9.7,-3.5,1.6,3.7,6.5,6.6,3.1,1.5,-7.4,-10.1,-6.2,-10.7,-3.8,2.8,8.1,10.7,14.5,14.5,10.6,5.8,-3.8,-6.3,44,36,40,31,26,34,47,24,29,87,66,61,-9999,-9999,-9999,-9999,-9999,-9999,-9999,-9999,-9999,-9999,-9999,-9999,211,303,149,23,1,0,0,0,1,7,146,212,1,0,2,21,108,171,292,294,174,69,2,1,752,801,679,457,308,221,115,113,223,379,654,751,0,0,0,0,2,2,6,8,4,1,0,0,1,0,1,5,20,25,30,30,23,19,2,1,35,36,38,12,2,1,0,0,1,4,47,51,0,0,0,53,86,104,125,104,62,25,0,0,0,0,0,22,60,70,78,80,33,0,0,0,62,47,54,56,59,56,53,53,53,71,70,67,-3.5,8.6,20.9,9.4,-13.5,-3.9,5.6,-1,-8.5,2.3,13.2,4.2,130,97,105,182,-9999,-9999,-9999,-9999,727,173,0,154,1,131,757,245,2304,1444,449,1256,0,3,16,4,2,25,86,44,117,52,1,52,0,139,333,87,0,82,228,33,59,56,54,65,3,14.5,-6.3,20.8,525,160,24.7,90.9,1055,1134,5452,23,157,152,255,104,205,-39.4,32.9,558,343,-9999,59
76,site76,region76,53.276979,-126.093849,921,-1.8,-4.4,1.9,9,14.4,17.5,22.3,22.3,18,10,-0.2,-2.6,-10.6,-17.1,-9.7,-3.6,1.6,3.6,6.5,6.6,3,1.5,-7.5,-10.1,-6.2,-10.8,-3.9,2.7,8,10.6,14.4,14.4,10.5,5.7,-3.8,-6.3,44,37,41,31,27,35,47,24,30,89,66,61,-9999,-9999,-9999,-9999,-9999,-9999,-9999,-9999,-9999,-9999,-9999,-9999,210,304,151,24,1,0,0,0,1,7,147,212,1,0,2,20,107,168,290,292,172,67,2,1,750,801,681,459,310,224,117,115,225,381,655,750,0,0,0,0,2,2,6,8,4,1,0,0,1,0,1,5,20,25,30,30,23,19,2,1,34,36,38,13,2,1,0,0,1,4,47,52,0,0,0,52,86,104,124,103,61,25,0,0,0,0,0,21,59,69,77,80,32,0,0,0,63,48,55,57,59,57,53,53,54,71,70,67,-3.6,8.4,20.7,9.3,-13.4,-3.9,5.5,-1,-8.5,2.3,13.1,4.1,130,99,105,184,-9999,-9999,-9999,-9999,726,176,0,155,1,129,751,242,2302,1450,455,1261,0,3,16,4,2,25,86,44,117,53,1,53,0,138,331,86,0,80,226,32,59,57,54,65,2.9,14.4,-6.3,20.8,531,162,24.4,89.2,1057,1123,5468,23,156,152,255,104,207,-39.4,32.7,555,338,-9999,59
77,site77,region77,53.277818,-126.096893,947,-1.8,-4.6,1.7,8.9,14.3,17.4,22.2,22.2,17.9,9.8,-0.3,-2.6,-10.6,-17.1,-9.7,-3.6,1.6,3.6,6.4,6.6,3.1,1.5,-7.5,-10,-6.2,-10.8,-4,2.6,7.9,10.5,14.3,14.4,10.5,5.6,-3.9,-6.3,45,38,42,32,28,35,48,24,30,92,68,64,-9999,-9999,-9999,-9999,-9999,-9999,-9999,-9999,-9999,-9999,-9999,-9999,210,306,154,25,1,0,0,0,1,8,149,212,1,0,2,20,105,166,288,290,170,66,2,1,751,804,684,462,312,226,119,117,227,384,657,750,0,0,0,0,2,2,6,8,4,1,0,0,1,0,1,5,19,25,30,30,23,19,2,1,35,38,40,14,2,1,0,0,1,5,49,54,0,0,0,52,85,103,123,103,61,24,0,0,0,0,0,19,58,68,76,79,31,0,0,0,64,49,55,57,59,57,53,53,54,72,70,67,-3.7,8.3,20.6,9.1,-13.3,-3.9,5.5,-1,-8.5,2.2,13,4.1,134,102,106,190,-9999,-9999,-9999,-9999,728,180,0,157,1,126,743,238,2304,1458,462,1268,0,2,15,4,2,25,86,44,121,56,1,55,0,137,329,85,0,77,223,31,60,57,54,65,2.9,14.4,-6.3,20.7,545,164,23.6,87.7,1065,1109,5493,22,156,152,256,104,215,-39.3,32.5,551,331,-9999,59
78,site78,region78,53.280177,-126.096283,920,-1.8,-4.4,1.9,9,14.4,17.5,22.3,22.3,18,10,-0.2,-2.6,-10.6,-17.1,-9.7,-3.6,1.6,3.6,6.5,6.6,3.1,1.5,-7.5,-10.1,-6.2,-10.8,-3.9,2.7,8,10.6,14.4,14.4,10.5,5.7,-3.8,-6.3,44,37,40,31,27,34,47,24,30,88,66,61,-9999,-9999,-9999,-9999,-9999,-9999,-9999,-9999,-9999,-9999,-9999,-9999,210,304,152,24,1,0,0,0,1,7,147,212,1,0,2,20,107,168,290,292,172,67,2,1,751,802,682,459,309,223,117,115,225,381,655,751,0,0,0,0,2,2,6,8,4,1,0,0,1,0,1,5,20,25,30,30,23,19,2,1,34,36,38,13,2,1,0,0,1,4,47,52,0,0,0,52,86,104,124,103,61,25,0,0,0,0,0,21,59,69,77,80,32,0,0,0,63,48,55,56,59,57,53,53,54,71,70,67,-3.6,8.4,20.7,9.3,-13.4,-3.9,5.5,-1,-8.5,2.3,13.1,4.1,130,98,105,183,-9999,-9999,-9999,-9999,727,177,0,155,1,129,751,242,2303,1450,455,1261,0,3,16,4,2,25,86,44,117,53,1,52,0,138,331,86,0,80,226,32,59,57,54,65,2.9,14.4,-6.3,20.8,528,162,24.5,89.4,1059,1123,5469,23,156,152,255,104,206,-39.4,32.7,555,338,-9999,59
79,site79,region79,53.275418,-126.099548,951,-1.8,-4.6,1.7,8.8,14.3,17.4,22.2,22.1,17.9,9.8,-0.3,-2.6,-10.6,-17,-9.7,-3.6,1.6,3.6,6.4,6.6,3.1,1.5,-7.6,-10,-6.2,-10.8,-4,2.6,7.9,10.5,14.3,14.3,10.5,5.6,-3.9,-6.3,45,38,42,33,28,35,47,24,30,92,69,64,-9999,-9999,-9999,-9999,-9999,-9999,-9999,-9999,-9999,-9999,-9999,-9999,210,306,154,25,1,0,0,0,1,8,149,212,1,0,2,20,105,165,287,289,170,66,2,1,750,804,684,462,312,226,120,117,227,385,657,750,0,0,0,0,2,2,6,8,4,1,0,0,1,0,1,5,19,25,30,30,23,19,2,1,35,38,40,14,2,1,0,0,1,5,50,54,0,0,0,52,85,103,123,102,61,24,0,0,0,0,0,19,58,68,76,79,31,0,0,0,64,49,55,57,59,57,53,53,54,72,70,67,-3.7,8.3,20.6,9.1,-13.3,-3.9,5.5,-1,-8.5,2.2,13,4.1,135,103,106,191,-9999,-9999,-9999,-9999,728,180,0,157,1,126,742,238,2304,1459,463,1269,0,2,15,4,2,25,86,44,121,56,1,56,0,137,329,85,0,76,223,31,60,57,54,65,2.9,14.3,-6.3,20.6,547,164,23.5,87.5,1065,1107,5495,22,156,152,256,104,216,-39.3,32.5,551,330,-9999,59
80,site80,region80,53.262046,-126.083687,893,-1.8,-4.2,2.1,9.2,14.6,17.7,22.5,22.5,18.2,10.1,-0.1,-2.6,-10.7,-17.2,-9.6,-3.5,1.7,3.6,6.5,6.6,3,1.5,-7.4,-10.2,-6.2,-10.7,-3.8,2.8,8.1,10.7,14.5,14.5,10.6,5.8,-3.8,-6.4,43,35,39,30,27,35,47,23,30,85,63,59,-9999,-9999,-9999,-9999,-9999,-9999,-9999,-9999,-9999,-9999,-9999,-9999,211,302,147,23,1,0,0,0,1,7,145,214,1,0,2,21,109,171,293,295,174,69,2,1,752,800,677,456,307,221,114,113,222,379,653,752,0,0,0,0,2,2,6,8,4,1,0,0,1,0,1,5,20,25,30,30,23,19,2,1,34,34,36,12,2,1,0,0,1,4,44,50,0,0,0,53,86,104,125,104,62,25,0,0,0,0,0,23,59,70,78,81,33,0,0,0,63,47,55,56,59,56,52,53,53,71,70,67,-3.5,8.6,20.9,9.4,-13.5,-3.8,5.6,-1,-8.5,2.4,13.2,4.2,126,96,105,177,-9999,-9999,-9999,-9999,728,171,0,153,1,132,758,246,2304,1440,448,1254,0,3,17,4,2,25,86,44,113,50,1,50,0,139,334,87,0,82,229,33,59,56,54,65,3,14.5,-6.4,20.9,515,161,25.3,90,1053,1137,5446,24,157,151,255,104,197,-39.5,32.9,560,344,-9999,59
81,site81,region81,53.262302,-126.088997,912,-1.7,-4.2,2.1,9.1,14.5,17.6,22.4,22.4,18.1,10,-0.2,-2.6,-10.7,-17.2,-9.7,-3.6,1.6,3.6,6.5,6.6,3,1.5,-7.5,-10.2,-6.2,-10.7,-3.8,2.7,8.1,10.6,14.4,14.5,10.6,5.8,-3.8,-6.4,43,35,39,30,27,35,47,23,29,85,63,60,-9999,-9999,-9999,-9999,-9999,-9999,-9999,-9999,-9999,-9999,-9999,-9999,211,302,148,24,1,0,0,0,1,7,146,214,1,0,2,20,108,169,291,293,173,68,2,1,751,800,678,458,308,223,116,114,224,380,654,753,0,0,0,0,2,2,6,8,4,1,0,0,1,0,1,5,20,25,30,30,23,19,2,1,34,35,37,12,2,1,0,0,1,4,45,51,0,0,0,52,86,104,124,104,62,25,0,0,0,0,0,23,59,69,78,80,32,0,0,0,63,47,54,56,59,56,53,53,54,71,70,66,-3.5,8.5,20.8,9.3,-13.5,-3.9,5.6,-1,-8.5,2.3,13.2,4.2,127,96,105,178,-9999,-9999,-9999,-9999,727,173,0,154,1,130,753,243,2304,1445,453,1258,0,3,16,4,2,25,86,44,114,51,1,50,0,138,332,86,0,82,227,32,59,57,54,65,3,14.5,-6.4,20.9,517,161,25.1,89.8,1054,1128,5459,23,156,151,255,104,200,-39.6,32.8,557,341,-9999,59
82,site82,region82,53.276684,-126.093178,930,-1.8,-4.5,1.8,8.9,14.4,17.5,22.3,22.3,18,9.9,-0.2,-2.6,-10.6,-17.1,-9.7,-3.6,1.6,3.6,6.4,6.6,3.1,1.5,-7.5,-10,-6.2,-10.8,-3.9,2.7,8,10.5,14.4,14.4,10.5,5.7,-3.9,-6.3,44,37,41,32,27,35,47,24,30,90,67,62,-9999,-9999,-9999,-9999,-9999,-9999,-9999,-9999,-9999,-9999,-9999,-9999,210,305,152,24,1,0,0,0,1,7,148,212,1,0,2,20,106,167,289,291,172,67,2,1,750,802,682,460,310,224,118,115,226,382,656,750,0,0,0,0,2,2,6,8,4,1,0,0,1,0,1,5,19,25,30,30,23,19,2,1,35,37,39,13,2,1,0,0,1,4,48,52,0,0,0,52,86,103,124,103,61,24,0,0,0,0,0,21,58,69,77,80,31,0,0,0,63,48,55,57,59,57,53,53,54,71,70,67,-3.6,8.4,20.7,9.2,-13.3,-3.9,5.5,-1,-8.5,2.2,13.1,4.1,132,100,105,187,-9999,-9999,-9999,-9999,727,177,0,156,1,128,748,241,2303,1453,458,1264,0,3,16,4,2,25,86,44,119,54,1,54,0,138,331,86,0,79,225,31,59,57,54,65,2.9,14.4,-6.3,20.7,536,163,24.1,88.6,1060,1118,5476,22,156,152,256,104,210,-39.4,32.7,554,335,-9999,59
83,site83,region83,53.26506,-126.088509,915,-1.7,-4.3,2,9,14.5,17.6,22.4,22.4,18.1,10,-0.2,-2.6,-10.7,-17.2,-9.7,-3.6,1.6,3.6,6.5,6.6,3,1.5,-7.5,-10.2,-6.2,-10.7,-3.8,2.7,8,10.6,14.4,14.5,10.6,5.8,-3.8,-6.4,43,35,39,30,27,35,47,23,29,85,64,60,-9999,-9999,-9999,-9999,-9999,-9999,-9999,-9999,-9999,-9999,-9999,-9999,210,302,149,24,1,0,0,0,1,7,147,214,1,0,2,20,107,169,291,293,173,68,2,1,751,800,678,459,309,223,116,114,224,381,654,753,0,0,0,0,2,2,6,8,4,1,0,0,1,0,1,5,20,25,30,30,23,19,2,1,34,35,37,12,2,1,0,0,1,4,45,51,0,0,0,52,86,104,124,104,62,25,0,0,0,0,0,23,59,69,78,80,32,0,0,0,63,47,55,56,59,56,53,53,54,71,70,66,-3.6,8.5,20.8,9.3,-13.4,-3.9,5.5,-1,-8.5,2.3,13.2,4.2,127,96,105,179,-9999,-9999,-9999,-9999,727,174,0,154,1,129,752,243,2303,1446,454,1259,0,3,16,4,2,25,86,44,114,51,1,51,0,138,332,86,0,81,227,32,59,57,54,65,3,14.5,-6.4,20.9,518,161,25,89.6,1055,1126,5462,23,156,152,255,104,200,-39.6,32.8,556,341,-9999,59
